ID,Text
Chapter1_xinwu_KM7G,"比约恩缓步走上讲台,拿起粉笔写下今天要讲的内容."
Chapter1_xinwu_FIW1,"比约恩:今天我们来讲信物."
Chapter1_xinwu_72Z3,"乐平:... ..."
Chapter1_xinwu_OZPS,"本来趴着的乐平听到这个名词,刷的一下坐了起来."
Chapter1_xinwu_XX7O,"捏着背包上的狗狗玩具,偷偷的看向戌山的位置"
Chapter1_xinwu_05IJ,"比约恩:在我们这个世界里,有很多可以传递情感的事物,"
Chapter1_xinwu_G4AI,"比约恩:信物便是其中一种."
Chapter1_xinwu_APQ1,"比约恩:信物的作用有很多,一般是一种象征的意义,也可以表示佩戴者的身份或者两人,团队之间的关系等等."
Chapter1_xinwu_FEP3,"比约恩:而今天我将教大家另一种信物的使用方式."
Chapter1_xinwu_H4H7,"比约恩:将过往发生的事情，如何记录在信物内以及如何解读信物内的记录的方法"
Chapter1_xinwu_12CC,"比约恩:其实这个并不难,除非炁术极差,一般都能解读和记录."
Chapter1_xinwu_928U,"诺诺:老师,您是在说我吗？"
Chapter1_xinwu_VML1,"比约恩:没有.没有.没有啦."
Chapter1_xinwu_ZZF5,"比约恩呵呵呵呵的笑着"
Chapter1_xinwu_GRS9,"比约恩:我先把施术的祝词写下来,大家记一下,"
Chapter1_xinwu_OIK9,"比约恩:天莽地荒幽幽五昌.君未临到吾独难妆.周流烈亡冥冥纺章.留魂选召君读碑黄.（）尊君启"
Chapter1_xinwu_ZOXS,"比约恩:这个炁术分为两部分,天莽地荒幽幽五昌.君未临到吾独难妆.周流烈亡冥冥纺章.留魂选召君读碑黄.这是祝词部分"
Chapter1_xinwu_17AC,"比约恩:（）尊君启的（）内的内容是施术者设定的安全词,拥有这个安全词才能解术."
Chapter1_xinwu_CAJW,"普塔赫:老师那岂不是知道安全词的人都能解术"
Chapter1_xinwu_L965,"比约恩:是的,所以信物就看你是想一个人解术,还是想多个人解术."
Chapter1_xinwu_DTML,"比约恩:接下来我们再记下解术祝词."
Chapter1_xinwu_D5CQ,"比约恩:乃（）之尊,临汝之纷,如憩榻成,细谈酒恩."
Chapter1_xinwu_QASJ,"比约恩:同样的（）内的就是安全词."
Chapter1_xinwu_BO62,"阿萨汶:老师您说这个,不就跟俺的录视频一样"
Chapter1_xinwu_HAZI,"比约恩:不全是，信物最有趣的地方就是可以身临其境的感受记录者的过往."
Chapter1_xinwu_XNMU,"阿萨汶:那老师俺是不是想记录啥就记录啥。"
Chapter1_xinwu_B3CX,"比约恩:记录的必须是发生过的。不能伪造不存在的过往。"
Chapter1_xinwu_6M6A,"比约恩:某种意义上更像是，可视化的信件，传达的一般难于表达的事情。"
Chapter1_xinwu_XI74,"比约恩:就比方说像情窦初开的年轻人，表达心意又难于启齿时所写的情书之类的。"
Chapter1_xinwu_E6YV,"比约恩:但是要记得，信物记录的是过往发生的事，也就是我们说的“回忆”。"
Chapter1_xinwu_PXBL,"比约恩:是施术者在创建信物之时，以前的所有“回忆”。并不特指某一段。"
Chapter1_xinwu_QJCS,"比约恩:当然越临近创建信物之时的“回忆”片段更好被读取。"
Chapter1_xinwu_4IQN,"比约恩:如果解术者的能力够强甚至可以解读施术者记录这一刻前的几月，几年，甚至数十年前的“回忆”......"
Chapter1_xinwu_MZIH,"比约恩顿了顿."
Chapter1_xinwu_9JWE,"比约恩:当然如果达成上述的效果，还要取决于信物的承载能力."
Chapter1_xinwu_PLXG,"比约恩:信物材质越稀有，所记载的就会越多，越清晰，也可以反复解读。"
Chapter1_xinwu_VH8M,"比约恩:甚至会有一些法器被用来做成信物。"
Chapter1_xinwu_HAFJ,"比约恩:但一般的材质比如信件，纸张这些常见的物品，几乎都是一次性的。"
Chapter1_xinwu_QTPC,"比约恩:所以信物要给你，最想让他了解你的人哦"
Chapter1_xinwu_UH2Q,"诺诺:真晦气,这不就是个遗书."
Chapter1_xinwu_18G3,"比约恩:确实遗书也是信物的一种用法."
Chapter1_xinwu_UWCA,"诺诺:这都什么年代了,我发个信息给他或者写封信不行吗？"
Chapter1_xinwu_TFK6,"比约恩:确实,但是信物会比一条信息，一通电话更有温度..."
Chapter1_xinwu_CJ8D,"比约恩:至于信物的其他用法,你们可以课下自己研究一下."
Chapter1_xinwu_MV61,"比约恩:等你们第二学年的时候会有专门的课程去讲这个信物的其他功能"
Chapter1_xinwu_89GG,"比约恩:今天的作业就是制作一枚信物并把它交给和你亲密的人."
Chapter1_xinwu_IELG,"课堂里大家相互看着,议论着,一顿骚乱"
Chapter1_xinwu_PX3F,"诺诺:那要是信物落在了我不喜欢的人手里，恰巧他还打听到了安全词。"
Chapter1_xinwu_5XW4,"诺诺:岂不是之前的所有事就都能知道了。"
Chapter1_xinwu_LTLV,"诺诺斜眼看了看旁边的乐平。"
Chapter1_xinwu_1342,"乐平:... ..."
Chapter1_xinwu_BOYQ,"比约恩:不必担心这个，除了学校里的同学懂得炁术的人本来就不多。"
Chapter1_xinwu_BC1Y,"比约恩:就按照同学们现在的能力，能读到从开学到现在这三个月的“回忆”就已经很不错了."
Chapter1_xinwu_IMAI,"比约恩:还有其他疑问吗？"
Chapter1_xinwu_J5ZJ,"教室安静了下来。"
Chapter1_xinwu_5ZBT,"比约恩:接下来我来演示一下信物的制作过程，并请两名同学来解术。"
Chapter1_xinwu_9J84,"比约恩拿起扇子放在讲台上,嘴里念着祝词,同时右手的小指勾住左手的大拇指,右手向下翻转着."
Chapter1_xinwu_9EN0,"直到祝词念完,右手大拇指刚好碰到左手的小指上."
Chapter1_xinwu_26WV,"叮的一声,一阵炁流如同涟漪一般荡开,"
Chapter1_xinwu_7RM5,"比约恩:我请两位同学来试一下解开这个信物.普塔赫和..子澈吧"
Chapter1_xinwu_T07R,"两个同学走上台,比约恩偷偷把安全词告诉了两人。"
Chapter1_xinwu_9HFE,"两人念着解术祝词跟着比约恩做着跟施术时相反的手势."
Chapter1_xinwu_WFX4,"炁流再次荡开,随后凝聚成一条条金闪闪的丝线,同学们伸手去触碰可怎么也触碰不到,其中有两条特别明显分别排列在他俩的面前."
Chapter1_xinwu_9EYN,"比约恩:不错呀子澈！普塔赫,看来你们很有天赋呢,第一次解术就能看到多条时间线"
Chapter1_xinwu_OU1E,"比约恩:最明显的两条应该都是昨天的记忆。请选择吧"
Chapter1_xinwu_37CU,"左边那条"
Chapter1_xinwu_5MMT,"子澈伸手抓左边那条."
Chapter1_xinwu_1TQZ,"突然间子澈置身在比约恩老师的办公室外,夕阳的光芒透过门上的玻璃映了出来."
Chapter1_xinwu_RIQE,"子澈上前想敲门，他却发现面前的东西并不是实体。"
Chapter1_xinwu_7RDN,"穿过门的时候，他感觉门的幻影如同细沙一样消散开来，那些消散的幻影的触感如同细沙一般。。"
Chapter1_xinwu_S4IW,"进了房间他看到比约恩正在桌子上写着什么."
Chapter1_xinwu_TP0K,"他走上前发现是前日考试的榜单，他顺着榜单看去。。"
Chapter1_xinwu_FVON,"第三名乐平。。第二名普塔赫，第一名子澈！。"
Chapter1_xinwu_TN1Z,"比约恩:不错呀子澈。恭喜你。付出总有回报的。"
Chapter1_xinwu_3ORW,"幻境中的比约恩看向他,露出了个和蔼的微笑."
Chapter1_xinwu_3H8K,"一瞬间这个幻象如同梦境一般坍塌,当子澈再次睁开眼睛的时候,面前已是熟悉的教室."
Chapter1_xinwu_D48K,"比约恩拍着先醒过来的子澈."
Chapter1_xinwu_FTYW,"比约恩:要再接再厉哟。子澈红着脸点了点头"
Chapter1_xinwu_HFXG,"普塔赫:老师！！！！！怎么,放了这个回忆给我看！！！！（脸红）"
Chapter1_xinwu_GWN8,"比约恩:你看到什么啦？"
Chapter1_xinwu_5YYN,"普塔赫什么也没说就走回了自己的位置."
Chapter1_xinwu_JLVF,"右边那条"
Chapter1_xinwu_E7P9,"子澈发现置身在一团雾气当中,有潺潺的流水声音,还能听见一个人在唱歌."
Chapter1_xinwu_3EW8,"子澈循着歌声走了过去,发现了一道玻璃墙,他触碰了一下。"
Chapter1_xinwu_VU2C,"那道玻璃墙如同飞沙一般散开,子澈意识到这不是实体的玻璃,于是他便穿了过去."
Chapter1_xinwu_ICB2,"他发现比约恩正在洗澡,全裸的身体一丝不挂的展现在他的面前."
Chapter1_xinwu_WMMK,"他的视线和水流一起向下流着,流过脸颊、胸膛、肚子……大腿、<Dangle>裆部</Dangle>,小腿……"
Chapter1_xinwu_GRB9,"比约恩:不错呀子澈。恭喜你。付出总有回报的。"
Chapter1_xinwu_WGXS,"幻境中的比约恩看向他,露出了个和蔼的微笑."
Chapter1_xinwu_PY7Z,"一瞬间这个幻象如同梦境一般坍塌,当子澈再次睁开眼睛的时候."
Chapter1_xinwu_PWKP,"普塔赫:恭喜你"
Chapter1_xinwu_DUUV,"比约恩:要再接再厉哦."
Chapter1_xinwu_0VDV,"子澈奇怪地看着比约恩，红着脸点了点头，迅速地跑回自己的座位上。"
Chapter1_xinwu_KTAA,"比约恩:子澈,你看到什么啦？"
Chapter1_xinwu_8UN4,"很快的这节课就结束了."
Chapter1_xinwu_DUK9,"下课后"
Chapter1_xinwu_TAET,"子澈一个人走在走廊上,看着熙熙攘攘的同学."
Chapter1_xinwu_UI5N,"回寝室"
Chapter1_xinwu_3I6R,"去健身房"
Chapter1_xinwu_GOTV,"现在回寝室还早了点,去锻炼一下吧,"
Chapter1_xinwu_zhainanxueba_HPR0,"走廊上人群熙攘,只有子澈一个人逆行回到了自己的寝室,关起门来"
Chapter1_xinwu_zhainanxueba_AFFW,"这次考试拿了第一,绝不能骄傲,要再接再厉！"
Chapter1_xinwu_zhainanxueba_CB40,"回到寝室,便开始学习."
Chapter1_xinwu_zhainanxueba_6SQK,"这一年，子澈学习非常努力，成绩非常好。"
Chapter1_xinwu_zhainanxueba_K0ZX,"全班第一的成绩结束了这个学年。"
Chapter1_xinwu_zhainanxueba_013E,"可是,似乎又缺少了什么... ..."
Chapter1_xinwu_zhainanxueba_JRN3,"获得成就,宅男学霸"
Chapter1_xinwu_jianshenfang_4Q1Q,"可能是刚下课的原因，健身房里一个人都没有，偌大的健身房里只有你一个人。"
Chapter1_xinwu_jianshenfang_2NRA,"子澈选了台跑步机开始了有氧训练，直到子澈跑完也只零零散散地来了几名其他班级的同学。"
Chapter1_xinwu_jianshenfang_DB2M,"没多时子澈停下来举目四望，又是一个人都没有，空荡荡的，接下来子澈要做什么呢。"
Chapter1_xinwu_jianshenfang_IPUC,"做卧推练胸"
Chapter1_xinwu_jianshenfang_ZODD,"子澈躺在推举器械上开始做推举，1、2……"
Chapter1_xinwu_jianshenfang_P6L9,"做到了第15个时，手臂就开始发抖了，他开始后悔在拿下杠铃前没有检查重量。"
Chapter1_xinwu_jianshenfang_HHYS,"这个重量远远超过他所承受的极限，本想着做一组就放下重新再调整。"
Chapter1_xinwu_jianshenfang_PHWH,"可是现在他发现自己的手臂怎么也无法做完最后那个动作，杠铃开始向下，卡在喉咙上，大颗大颗的汗珠冒了出来，呼吸也开始变得困难。"
Chapter1_xinwu_jianshenfang_7N36,"阿萨汶:这样很危险的。"
Chapter1_xinwu_jianshenfang_5FJ7,"就在这时一只大手握住杠铃，卡在喉咙上的感觉瞬间缓解，"
Chapter1_xinwu_jianshenfang_ZP0D,"阿萨汶:来，我帮你，一起把它放回去。"
Chapter1_xinwu_jianshenfang_V685,"他两只手提着杠铃，辅助你把杠铃放回去，阿萨汶扶着子澈坐了起来，子澈大口大口地喘着粗气。"
Chapter1_xinwu_jianshenfang_8PJR,"阿萨汶:你是疯了吗，做这么大的重量，还是一个人！！这很危险的。"
Chapter1_xinwu_jianshenfang_K2TN,"他去检查了一下杠铃的重量。"
Chapter1_xinwu_jianshenfang_O4I2,"阿萨汶:你这是想把胸练的有多大？"
Chapter1_xinwu_jianshenfang_0EMW,"做倒蹬练腿"
Chapter1_xinwu_jianshenfang_UFZQ,"子澈躺在器械上，双腿蹬起配重的铁板，一组十五个开始做起来，一组，两组，他感觉良好，便加重了重量，这个重量又做了5组。"
Chapter1_xinwu_jianshenfang_F42U,"突然间咔的一声铰链断了，整个重量在没有助力的情况下直接压了下来。"
Chapter1_xinwu_jianshenfang_Q8MI,"子澈用尽全身的力量也无法将配重蹬回去，他被卡在其中，呈现出一种奇怪的姿势，大颗大颗的汗珠从额头上冒了出来。"
Chapter1_xinwu_jianshenfang_ONDT,"阿萨汶:你在做什么，这个姿势很不雅观。哈哈哈哈"
Chapter1_xinwu_jianshenfang_KXTG,"阿萨汶走了过来，他发现铰链断了，才意识到子澈是被卡在这里，他一只手推着配重。"
Chapter1_xinwu_jianshenfang_3LZW,"阿萨汶:来，我们一起用力。"
Chapter1_xinwu_jianshenfang_HOOT,"子澈用出全身的力量，两人缓缓地将配重推回复原的位置。"
Chapter1_xinwu_jianshenfang_C6FV,"阿萨汶扶着子澈坐了起来，子澈揉着腿，喘着粗气"
Chapter1_xinwu_jianshenfang_O5LA,"阿萨汶:刚进来的时候还以为今天天气好你在晒屁股呢。"
Chapter1_xinwu_jianshenfang_BMOH,"子澈羞红了脸，愤怒地看着他。"
Chapter1_xinwu_jianshenfang_28L8,"阿萨汶:哈哈哈，我们这些器械都很老旧了，下次一定要检查一下再做，这个事俱会向老师汇报的，"
Chapter1_xinwu_jianshenfang_GA07,"离开这里"
Chapter1_xinwu_jianshenfang_D6HQ,"出了健身房"
Chapter1_xinwu_yundonghou_TWSI,"子澈还是没从刚才的事情里缓过来，喘着粗气"
Chapter1_xinwu_yundonghou_RAFM,"阿萨汶从旁边的饮水机打了一杯水，递了过来，子澈接过水，说了声谢谢。阿萨汶靠着子澈坐了下来。"
Chapter1_xinwu_yundonghou_OMNS,"结实的肌肉透过衣服传递着体温。"
Chapter1_xinwu_yundonghou_NYKZ,"阿萨汶:那个，俺想把这个给你，算是上次那件事的谢礼啦。"
Chapter1_xinwu_yundonghou_OC9Y,"阿萨汶递过一条绿色的缠手带。缠手带已经破旧了但是被洗得干干净净。"
Chapter1_xinwu_yundonghou_O2H4,"子澈茫然地接过绑手带。阿萨汶又向他凑了凑，贴着子澈的耳边小声说着"
Chapter1_xinwu_yundonghou_291B,"阿萨汶:其实下课后有好多人向俺要信物，俺都没给，只想着这个给你。"
Chapter1_xinwu_yundonghou_GIVH,"温热的气息随着他的话拂过子澈的脸庞，子澈能感觉到阿萨汶脸红了。"
Chapter1_xinwu_yundonghou_ZJW3,"阿萨汶:俺回寝室做了很久才做好，毕竟不太擅长炁术……解术词是……子澈你的名字。"
Chapter1_xinwu_yundonghou_7L0Y,"说着话熙熙攘攘的一帮高年级的体术专精的同学走了进来。阿萨汶一下子站了起来，羞红着脸微笑着跟子澈说"
Chapter1_xinwu_yundonghou_9CXU,"阿萨汶:你要解术哟，虽然我也不知道你能看到啥。俺去锻炼了，你是回去休息一下？还是继续练一会？"
Chapter1_xinwu_yundonghou_LFLL,"阿萨汶伸出手来"
Chapter1_xinwu_yundonghou_60CB,"和阿萨汶继续练一会"
Chapter1_xinwu_yundonghou_1O3H,"回去休息一下"
Chapter1_xinwu_atwin_QHP3,"子澈点了点头，伸手拉住阿萨汶的手，借力站了起来，两人在健身房里相互辅助，练到精疲力竭。"
Chapter1_xinwu_atwin_L2AK,"子澈回到自己寝室洗完澡躺在床上，拿出了阿萨汶的信物。"
Chapter1_xinwu_atwin_CCX4,"放在鼻子上闻了闻阿萨汶的绑手带，传来淡淡的阿萨汶的味道。"
Chapter1_xinwu_atwin_97NF,"子澈把手带放在肚子上念出解术祝词，一阵炁流涌出。"
Chapter1_xinwu_atwin_UCRG,"他看到很多条金色的回忆丝线。"
Chapter1_xinwu_atwin_I1YO,"子澈伸手捉住最明显的那一条。"
Chapter1_xinwu_atwin_DZY2,"一瞬间他来到了阿萨汶的房间，下午的余晖洒了进来。"
Chapter1_xinwu_atwin_G9KQ,"看着他翻箱倒柜地找着什么，结果却在身上的口袋里找到了那条绿色的手带。"
Chapter1_xinwu_atwin_B0O7,"他把它平铺在床上，并不熟练地念着今天老师教的祝词。"
Chapter1_xinwu_atwin_DQN9,"念着念着断了，就要翻开笔记看看，一遍一遍地重复着手势。子澈看着他那种忙乱的样子，觉得既可爱又蠢萌。"
Chapter1_xinwu_atwin_F671,"和他平常那种高大威猛的样子完全不一样，为了听清他说什么，子澈便走向他。"
Chapter1_xinwu_atwin_CYPY,"阿萨汶:万分感谢你子澈，没有你可能俺就放弃了！不管怎样你都算俺的恩人，以后有什么用得着的就……俺就"
Chapter1_xinwu_atwin_DC5N,"阿萨汶:俺会……不……我会义不容辞的！"
Chapter1_xinwu_atwin_2D8L,"阿萨汶红着脸挤出了一个微笑."
Chapter1_xinwu_atwin_NPP4,"子澈心想着这些话要按照平时,他一定说不出口的."
Chapter1_xinwu_atwin_47U8,"子澈伸手过去摸向阿萨汶的脸庞,那幻影在触碰的同时就像飞沙一样消散了."
Chapter1_xinwu_atwin_HTTB,"穿过虚幻的影子子澈发现一扇门.深色木制的门面,金色的把手.子澈伸手向前发现这扇门不是幻象.好奇的子澈打开了那扇门."
Chapter1_xinwu_atwincg_ORDD,"欢呼声.欢呼声.欢呼声."
Chapter1_xinwu_atwincg_MPWQ,"阿萨汶:......"
Chapter1_xinwu_atwincg_MGA1,"欢呼声:AT-WIN.AT-WIN.AT-WIN"
Chapter1_xinwu_atwincg_XKYE,"阿萨汶:......"
Chapter1_xinwu_atwincg_OWZI,"？？？:不错,不错,17场连胜呀,明天那场赔率180倍了."
Chapter1_xinwu_atwincg_DX3V,"阿萨汶:......"
Chapter1_xinwu_atwincg_YF8L,"？？？:怎么,这都不满足吗？at-win“常胜将军”"
Chapter1_xinwu_atwincg_Z39L,"阿萨汶:本来可以不用这样活着."
Chapter1_xinwu_atwincg_G3X3,"？？？:回忆当初可不是个好习惯,命运本来就是如此无常."
Chapter1_xinwu_atwincg_YLAC,"阿萨汶:命运无常,所以不是每一场都会赢的."
Chapter1_xinwu_atwincg_FH12,"阿萨汶:不管赢多少场,只要输一场... ...就会像父亲那样,被抛弃,被放逐... ...所以我不能输"
Chapter1_xinwu_atwincg_ZLN0,"？？？:那是个阴谋."
Chapter1_xinwu_atwincg_D98P,"阿萨汶:我当然知道是个阴谋,知道那又能怎样？以前不能改变什么,现在就更不能."
Chapter1_xinwu_atwincg_Y9VP,"阿萨汶:堵上一切的荣耀还不是落得个奴隶的身份和暗无天日的生活... ..."
Chapter1_xinwu_atwincg_F493,"？？？:你这是认了？"
Chapter1_xinwu_atwincg_8T0C,"阿萨汶:又不是所有人都是你... ..."
Chapter1_xinwu_atwincg_8KCU,"？？？:... ..."
Chapter1_xinwu_atwincg_BYT4,"阿萨汶:认了！认了吗.不认又能怎样,俺现在就是阴沟里的老鼠见不得光的."
Chapter1_xinwu_atwincg_PAT4,"？？？:怕输？怕重蹈覆辙？"
Chapter1_xinwu_atwincg_Y7ZF,"阿萨汶:... ..."
Chapter1_xinwu_atwincg_C97C,"？？？:你今年多大了"
Chapter1_xinwu_atwincg_ICW9,"阿萨汶:21,你问这个干嘛？"
Chapter1_xinwu_atwincg_N8R6,"？？？:晚了一年,你还想去完成你的理想么？"
Chapter1_xinwu_atwincg_3Z1E,"阿萨汶:别扯了... ...俺现在根本就不能离开这个竞技场！留在这里至少还有口饭吃,出去......我就是流放者."
Chapter1_xinwu_atwincg_T478,"？？？:也对,现在的你是个可怜的小猫咪了,在这里至少是个受万人追捧的可怜小猫咪！人人投喂的宠物！"
Chapter1_xinwu_atwincg_93LJ,"阿萨汶:你说话还是这么刻薄.你要不要试试我的拳头看看是不是猫咪！"
Chapter1_xinwu_atwincg_PS7P,"？？？:光耍嘴皮子可不行,我还真的很想见识见识."
Chapter1_xinwu_atwincg_XQXX,"阿萨汶:... ..."
Chapter1_xinwu_atwincg_LVST,"？？？:怎么了还是想做宠物？"
Chapter1_xinwu_atwincg_Y2MT,"阿萨汶:别放屁....."
Chapter1_xinwu_atwincg_R1TQ,"阿萨汶:俺妹妹... ...在他手里... ..."
Chapter1_xinwu_atwincg_2MGK,"？？？:......"
Chapter1_xinwu_atwincg_8WO1,"阿萨汶:明天最后一场,只要打赢了,俺妹妹就自由了... ..."
Chapter1_xinwu_atwincg_CGWM,"？？？:明天那场你必输."
Chapter1_xinwu_atwincg_SFSA,"阿萨汶:... ...我要打赢."
Chapter1_xinwu_atwincg_0WGG,"？？？:别想了,今天这场就是你的极限了."
Chapter1_xinwu_atwincg_6QZB,"？？？:他对你的承诺从第十场就开始了吧,现在你已经多赢了七场了."
Chapter1_xinwu_atwincg_WSRI,"？？？:他哪次兑现了？"
Chapter1_xinwu_atwincg_YFEX,"？？？:你居然能相信一个人贩子的承诺.也真可笑."
Chapter1_xinwu_atwincg_EPPS,"阿萨汶:那俺又能怎样.我现在的命运是自己能做主的吗？俺是个奴隶,俺妹妹的性命在别人手上... ..."
Chapter1_xinwu_atwincg_D8RG,"？？？:那你真的是认了."
Chapter1_xinwu_atwincg_I8FH,"？？？:其实你真的,只需要再打一场就够了,"
Chapter1_xinwu_atwincg_VH67,"阿萨汶:... ...什么意思"
Chapter1_xinwu_atwincg_B68T,"？？？:你只要拿着这个,在这个地界上没有人敢拦你,除了那个为了金钱连命都不要的人贩子."
Chapter1_xinwu_atwincg_66G3,"阿萨汶:... ..."
Chapter1_xinwu_atwincg_70ID,"？？？:你的妹妹,你要自己去救,你的命运也要自己去写."
Chapter1_xinwu_atwincg_ZUDC,"？？？:是不是猫,就看你自己了... ..."
Chapter1_xinwu_atwincg_HR28,"阿萨汶,一直坐在那里,缓缓的他捡起地上的信封"
Chapter1_xinwu_atwincg_S3CE,"阿萨汶:打拳其实还是很不适合俺.可能,去上学才是最好的选择吧！"
Chapter1_xinwu_putahe_0G55,"子澈走出健身房,"
Chapter1_xinwu_putahe_PPWY,"扑通一下,被人撞倒"
Chapter1_xinwu_putahe_62AU,"普塔赫:子澈！你没事吧"
Chapter1_xinwu_putahe_G7B4,"子澈抖落抖落身上的灰,摇摇头表示没事,普塔赫拉起子澈."
Chapter1_xinwu_putahe_NA4T,"普塔赫:对不起子澈,我有些着急要找乐平,你看到他了吗"
Chapter1_xinwu_putahe_0JKA,"子澈摇摇头.表示一直也没看到."
Chapter1_xinwu_putahe_GU10,"普塔赫:那子澈你有时间吗,我有个事情想请你帮忙."
Chapter1_xinwu_putahe_1SXH,"当然,我有时间"
Chapter1_xinwu_putahe_OZSV,"刚运动完,我要回寝室了"
Chapter1_xinwu_putahe_TC67,"普塔赫:那好那我去找乐平,刚才真的不好意思呀"
Chapter1_xinwu_putahe_DTXI,"子澈表示没事便跟普塔赫道了再见往寝室走去"
Chapter1_xinwu_chizixianglian_ICQ7,"普塔赫:那太好了."
Chapter1_xinwu_chizixianglian_B2IV,"普塔赫拉着子澈的手向自己的寝室走去."
Chapter1_xinwu_chizixianglian_9UHM,"这是子澈第一次来到普塔赫的寝室,金色的墙壁,黑色的纱帘随风摆动中,通过窗子能看到炁术制造的沙漠的幻象,"
Chapter1_xinwu_chizixianglian_44A8,"普塔赫:子澈你随便坐."
Chapter1_xinwu_chizixianglian_6FGB,"普塔赫示意子澈可以去床上坐着."
Chapter1_xinwu_chizixianglian_8AB3,"子澈害羞的拒绝了,选了个椅子坐了下来."
Chapter1_xinwu_chizixianglian_HF5M,"普塔赫:今天课上的时候你解术时候看到什么景象了."
Chapter1_xinwu_chizixianglian_KYXG,"子澈把课上看到的幻象讲给了他."
Chapter1_xinwu_chizixianglian_RP50,"普塔赫:哦这样呀."
Chapter1_xinwu_chizixianglian_HOUZ,"普塔赫:那个... ...那个,你碰到实体的物体吗"
Chapter1_xinwu_chizixianglian_3XN2,"子澈摇摇头表示没有."
Chapter1_xinwu_chizixianglian_F2P1,"普塔赫:那就奇怪了... ..."
Chapter1_xinwu_chizixianglian_MRQ1,"普塔赫:我看到的幻境是老师的办公室,"
Chapter1_xinwu_chizixianglian_H1Z1,"普塔赫:我看到... ...老师正在..."
Chapter1_xinwu_chizixianglian_C7P4,"子澈让他继续说下去"
Chapter1_xinwu_chizixianglian_BNQH,"普塔赫:看到... ...他在"
Chapter1_xinwu_chizixianglian_PTFE,"普塔赫:算了.这个不重要.会影响他在咱们心中的形象的."
Chapter1_xinwu_chizixianglian_J0ET,"子澈虽然很想知道他看到了什么."
Chapter1_xinwu_chizixianglian_B8JC,"普塔赫:一开始我以为都是虚幻的幻象,结果踢到了办公室地上的书堆.书也散落一地."
Chapter1_xinwu_chizixianglian_JK4S,"普塔赫:等到下课我才意识到奇怪的地方."
Chapter1_xinwu_chizixianglian_L64V,"普塔赫:于是我去找老师,想问这个问题.当我进办公室后,我发现老师不在.但是地上的书籍却散落一地"
Chapter1_xinwu_chizixianglian_HNZN,"普塔赫:那些正是我在信物幻境里踢倒的那堆书..."
Chapter1_xinwu_chizixianglian_FSM9,"普塔赫:你不觉得很奇怪么"
Chapter1_xinwu_chizixianglian_HK9S,"万一是巧合呢.."
Chapter1_xinwu_qiaohe_I8GI,"普塔赫:... ...嗯,也有这种可能."
Chapter1_xinwu_qiaohe_FGLR,"普塔赫:所以我想请子澈验证一下.是不是这样."
Chapter1_xinwu_qiaohe_0JYM,"普塔赫:你等下我拿个东西."
Chapter1_xinwu_qiaohe_55OR,"普塔赫开始翻找起来"
Chapter1_xinwu_qiaohe_Z8KP,"他在衣柜的最深处翻到了一个小盒子.拿出一条红色的宝石项链,那红色妖艳无比,让人目不转睛"
Chapter1_xinwu_qiaohe_L8DM,"普塔赫:这是沙漠神官的项链."
Chapter1_xinwu_qiaohe_9OJD,"普塔赫:我把它做成信物,交给你."
Chapter1_xinwu_qiaohe_LEHN,"子澈有点受宠若惊.表示这么贵重的物品自己不能收."
Chapter1_xinwu_qiaohe_4JYL,"普塔赫:哈哈哈哈,虽然比较贵重但是对于现在的我也没什么用处了."
Chapter1_xinwu_qiaohe_RY9L,"普塔赫:正好可以验证这个事情."
Chapter1_xinwu_qiaohe_C23Y,"那你为什么不自己解术."
Chapter1_xinwu_qiaohe_PXQN,"普塔赫:我没办法解自己的信物啊.小笨蛋."
Chapter1_xinwu_qiaohe_MBEY,"普塔赫:老师说过信物也有等级之分."
Chapter1_xinwu_qiaohe_GGOU,"普塔赫:“高级”的物品班级里可能只有这三件.除了这条项链."
Chapter1_xinwu_qiaohe_9SSE,"普塔赫:就剩戌山的传家宝刀,毗罗陀的身份戒指..."
Chapter1_xinwu_qiaohe_MU8X,"普塔赫:这两件物品对于他们太重要了.让他们做成信物送给我,这不现实！"
Chapter1_xinwu_qiaohe_S517,"普塔赫:这颗红色宝石叫赤子.本身就具有极强的炁,"
Chapter1_xinwu_qiaohe_RLT0,"普塔赫:它还可以强化各种炁术,所以用来做信物一定是最合适的."
Chapter1_xinwu_qiaohe_QE0A,"普塔赫:我想你进入幻象后碰到实体幻象的几率会变高."
Chapter1_xinwu_qiaohe_P2CQ,"普塔赫:按照老师说的,我们应该看到的就是临近这段时间的幻象,"
Chapter1_xinwu_qiaohe_MXK7,"普塔赫:那么这个幻象应该就在学校这个范围."
Chapter1_xinwu_qiaohe_BH8B,"普塔赫:看到实体就留下记号,等你醒来我们一起去验证一下."
Chapter1_xinwu_qiaohe_U4V4,"子澈蒙蒙的看着普塔赫"
Chapter1_xinwu_qiaohe_UI6U,"普塔赫:解术人也很重要"
Chapter1_xinwu_qiaohe_DHAL,"普塔赫:班级里就数你和乐平对炁术研究的天分高."
Chapter1_xinwu_qiaohe_HGUZ,"普塔赫:怎么样你愿意帮我这个忙吗？"
Chapter1_xinwu_zhinengleping_90L4,"行,那我试试"
Chapter1_xinwu_zhinengleping_QM6L,"子澈被普塔赫夸了一通,脸红红的."
Chapter1_xinwu_zhinengleping_MQO6,"普塔赫:好了我现在开始制作信物了.一会就看你的了."
Chapter1_xinwu_zhinengleping_V3ZT,"普塔赫将项链放在床上,复诵着白天的祝词,很快的信物就被制作好了."
Chapter1_xinwu_zhinengleping_R8RG,"普塔赫把信物放在子澈手上,子澈开始解术."
Chapter1_xinwu_zhinengleping_VXNQ,"果然这一次不太一样,强烈的炁流荡开,使得整个房间内的事物都被吹动."
Chapter1_xinwu_zhinengleping_GYB4,"一束强烈的光芒迸溅而出,似乎有什么声音在他耳旁呢喃着."
Chapter1_xinwu_zhinengleping_NMFI,"强光消逝,他清晰可见的一条红色粗壮的丝线出现在他面前."
Chapter1_xinwu_zhinengleping_9X52,"普塔赫:应该.就是这条！"
Chapter1_xinwu_zhinengleping_ED18,"子澈伸手捉住这条丝线.一瞬间将其拉了进去."
Chapter1_xinwu_zhinengleping_9OOD,"子澈睁开眼睛,他发现他站在普塔赫寝室的门口,"
Chapter1_xinwu_zhinengleping_9M5I,"穿过幻象的门,他看见了刚才的场景."
Chapter1_xinwu_zhinengleping_OH6E,"环顾四周并没有发现什么不一样,四周的物体虽然清晰很多但还是幻象."
Chapter1_xinwu_zhinengleping_Z40Y,"一条红色的丝线飘了过来,慢慢的飘向了普塔赫的床."
Chapter1_xinwu_zhinengleping_2E3C,"子澈追寻着这条丝线,发现床铺上横卧着一扇门。"
Chapter1_xinwu_zhinengleping_ENE0,"靠近那扇门,耳边突然出现嘈杂的声音.似乎在说着什么"
Chapter1_xinwu_zhinengleping_I9KP,"直到他跳上床,用力打开了那扇门,四周的景象瞬间坍塌破碎。"
Chapter1_xinwu_zhinengleping_T7N8,"子澈跳进了那扇门."
Chapter1_xinwu_putahecg_AGPQ,"叩门的声音"
Chapter1_xinwu_putahecg_83UB,"门外人:普塔赫大人,祭祀大人召您去神殿一趟."
Chapter1_xinwu_putahecg_GPS7,"普塔赫:...  ... 好的,我换身衣服就过去"
Chapter1_xinwu_putahecg_9BOO,"门外人:是."
Chapter1_xinwu_putahecg_6HPC,"一阵黄沙卷起,强烈的阳光照射在他的脸上,夺目耀眼睁不开眼睛,黄沙遮蔽的道路也渐渐隐去踪迹."
Chapter1_xinwu_putahecg_M9GV,"神殿金碧辉煌庄严肃穆."
Chapter1_xinwu_putahecg_SQQW,"金色的墙壁上挂着黑色的丝绸帷幕,金字塔的上方应该有开口,强烈的阳光在黑色的大理石投下斑驳的光芒."
Chapter1_xinwu_putahecg_WWP2,"普塔赫闭上眼睛,深深的吸了一口气.随后像下定某种决心一般踏上阶梯."
Chapter1_xinwu_putahecg_KQSK,"来到神殿的中央,前方有火光的掩映,微微能看见一个人藏匿于阴影中"
Chapter1_xinwu_putahecg_AS1A,"普塔赫:父亲大人,您找我."
Chapter1_xinwu_putahecg_LHDQ,"普塔赫单膝下跪,低着头"
Chapter1_xinwu_putahecg_C4MC,"祭祀:明天的晋升仪式流程是否清晰明确？"
Chapter1_xinwu_putahecg_RNSZ,"普塔赫:父.. ...祭祀大人,我都已经了解清楚."
Chapter1_xinwu_putahecg_28VO,"祭祀:晋升仪式非常的重要... ...随后你所要履行的职责,你清楚了吗"
Chapter1_xinwu_putahecg_Q9S3,"普塔赫:清楚"
Chapter1_xinwu_putahecg_M36D,"祭祀:... ...那你可知... ..."
Chapter1_xinwu_putahecg_YZ7U,"普塔赫:知道."
Chapter1_xinwu_putahecg_TFCM,"祭祀:.... ...."
Chapter1_xinwu_putahecg_2CTU,"祭祀:... ..."
Chapter1_xinwu_putahecg_Q2RQ,"祭祀:... ..."
Chapter1_xinwu_putahecg_F730,"祭祀:那这里没什么事了.你回去吧？"
Chapter1_xinwu_putahecg_8TVE,"普塔赫起身,对着暗影中的人,行了礼,便转身准备离去"
Chapter1_xinwu_putahecg_AW1D,"祭祀:赫恩克特...  ...你真的准备好了吗？"
Chapter1_xinwu_putahecg_1OAC,"普塔赫怔住了,停下脚步,"
Chapter1_xinwu_putahecg_S00Y,"祭祀:你呱呱坠地的时候,就像丰收的蜜酒一般让人心醉,赫恩科特变成了你的乳名."
Chapter1_xinwu_putahecg_Y0U6,"祭祀:上次这么称呼你,我都忘记是什么时候了。"
Chapter1_xinwu_putahecg_7J51,"普塔赫:10岁生日那天,之后便没有的"
Chapter1_xinwu_putahecg_VRQO,"祭祀:10年了... ..."
Chapter1_xinwu_putahecg_4LFP,"祭祀:也是那天你被选为了神官."
Chapter1_xinwu_putahecg_STHT,"普塔赫:是."
Chapter1_xinwu_putahecg_T5IK,"祭祀:作为孟菲斯的祭祀,我很高兴,神官能出现在我们家族."
Chapter1_xinwu_putahecg_CQDB,"祭祀:被神明选中是莫大的荣幸！可是作为父亲... .."
Chapter1_xinwu_putahecg_ZPD5,"普塔赫:父亲我.."
Chapter1_xinwu_putahecg_D2RO,"祭祀:没有任何一位父亲,想把自己的孩子囚禁在这个神庙里一生！侍奉.. ...哪位神明."
Chapter1_xinwu_putahecg_XN27,"普塔赫:这没得选... ..."
Chapter1_xinwu_putahecg_8TSV,"祭祀:....儿呀,你抱怨过吗？"
Chapter1_xinwu_putahecg_COTC,"普塔赫:有,曾经有."
Chapter1_xinwu_putahecg_W20A,"祭祀:那现在呢,"
Chapter1_xinwu_putahecg_4DPV,"普塔赫:父亲,这是宿命,我们都不能怎样的... ..."
Chapter1_xinwu_putahecg_ZR3O,"祭祀:赫恩科特... ..."
Chapter1_xinwu_putahecg_ELOQ,"泪水划过老祭祀的面庞.一种既欣慰又不甘的表情痛苦的扭曲在老祭祀的脸上."
Chapter1_xinwu_putahecg_KI47,"？？？:停！！！最看不惯这种父慈子孝的剧情了！太tm狗血了吧.这都什么时代了！还搞这种？"
Chapter1_xinwu_putahecg_3DD7,"普塔赫:谁！这么大胆..."
Chapter1_xinwu_putahecg_W8Y7,"老祭祀一下子拉住普塔赫打断了他说的话."
Chapter1_xinwu_putahecg_7T6F,"祭祀:... ...这位大人,您可有什么办法？"
Chapter1_xinwu_putahecg_KAL5,"？？？:没有！"
Chapter1_xinwu_putahecg_4OT6,"声音里夹杂着怒气."
Chapter1_xinwu_putahecg_YMWB,"祭祀:...... ......"
Chapter1_xinwu_putahecg_6ESX,"普塔赫:.... ...."
Chapter1_xinwu_putahecg_BFFT,"？？？:你拿着这个,"
Chapter1_xinwu_putahecg_CSJR,"？？？:跟你们那个神明讲,让他收起这副高高在上做派,"
Chapter1_xinwu_putahecg_6R03,"？？？:明天你就甩在它的脸上！要不我就亲自来甩它脸上！！！！"
Chapter1_xinwu_putahecg_VUIZ,"普塔赫:...这..."
Chapter1_xinwu_putahecg_YODS,"？？？:收拾一下,准备出发吧,你被录取了."
Chapter1_xinwu_putahecg_34KM,"老祭祀眼睛迸发出光芒,如同大赦一般.深深鞠了一躬"
Chapter1_xinwu_putahecg_K1SV,"祭祀:谢谢,谢谢您这是又救了老朽一次！"
Chapter1_xinwu_putahecg_LSM1,"普塔赫:父亲这位是... ..."
Chapter1_xinwu_putahecg_H03X,"祭祀:一位被困在时间里的大人... .."
Chapter1_xinwu_putahecg_OZ84,"普塔赫:... ...."
Chapter1_xinwu_putahecg_HYHQ,"祭祀:别说了,我去给你收拾行李,送你去上学！哈哈哈哈哈哈"
Chapter1_xinwu_putahecg_VJ20,"老祭祀开心得手舞足蹈."
Chapter1_xinwu_putahecg_7A6M,"普塔赫:父亲？"
Chapter1_xinwu_ziche_FRYM,"子澈醒过来发现自己在普塔赫的寝宫."
Chapter1_xinwu_ziche_Z0K0,"没穿衣服的普塔赫开始收拾行李,找出了那条神官链看着出神."
Chapter1_xinwu_ziche_HF6X,"子澈红着脸凑了上去他试着触碰了幻象中的普塔赫."
Chapter1_xinwu_ziche_Y82Z,"结实的触感传来,粗壮的手臂,坚实的胸膛,他抚摸着普塔赫的胸部,手向下一点点滑去,腹肌,肚脐......"
Chapter1_xinwu_ziche_ANZC,"普塔赫:你摸够了没有！！！"
Chapter1_xinwu_ziche_A4HM,"子澈瞬间睁开眼睛！他发现普塔赫脸红的面对着自己,自己的手在他隆起的裤子上摸索着."
Chapter1_xinwu_ziche_20OW,"子澈瞬间撤回自己的手,红着脸跑到旁边！"
Chapter1_xinwu_ziche_A9GF,"普塔赫:你...这是..."
Chapter1_xinwu_ziche_ANQC,"子澈把自己看到的一五一十的讲给了普塔赫."
Chapter1_xinwu_ziche_DIRA,"普塔赫:我在收拾行李？那是开学前了.那天..我回忆一下."
Chapter1_xinwu_ziche_VL6P,"普塔赫思考着.子澈却像个犯错的小孩坐在椅子上来回的搓手,回想这个刚才那个情节,脸上火热热的."
Chapter1_xinwu_ziche_WCXZ,"普塔赫:...  .... ...."
Chapter1_xinwu_ziche_PAGB,"普塔赫:原来是这样.我先去下图书馆.等下再找你."
Chapter1_xinwu_ziche_W3WG,"子澈愣在那里."
Chapter1_xinwu_lpnono_SEDC,"走廊上一阵轰隆隆的打闹声."
Chapter1_xinwu_lpnono_EMRC,"诺诺:乐平！你给我站住,你给我把话说清楚."
Chapter1_xinwu_lpnono_692Q,"乐平:我有什么好跟你说的... ..."
Chapter1_xinwu_lpnono_A4UH,"诺诺:站住！！"
Chapter1_xinwu_lpnono_VWUY,"乐平:我不！！！"
Chapter1_xinwu_lpnono_ATG6,"走廊上乐平脚上冒着蓝色的炁术飞快的跑着,诺诺四足并用紧随其后.像一只真的老虎锚定了猎物一般穷追不舍."
Chapter1_xinwu_lpnono_22TB,"戌山也跟着跑着.但是还是拉开一个身位."
Chapter1_xinwu_lpnono_FI5C,"戌山:诺诺你能把爪子收起来吗."
Chapter1_xinwu_lpnono_WXF7,"诺诺:戌山跟你没关系,你最好别管？"
Chapter1_xinwu_lpnono_DUOZ,"乐平:那跟我有什么关系.东西是毗罗陀给我的,又不是我主动要的"
Chapter1_xinwu_lpnono_OV9H,"诺诺:你他奶奶的，小王八蛋！"
Chapter1_xinwu_lpnono_LSLQ,"子澈打开门,砰的一声乐平重重的撞在了门上."
Chapter1_xinwu_lpnono_4HQG,"诺诺也趁机追上了乐平.一把将被撞到的乐平提了起来。"
Chapter1_xinwu_lpnono_XS38,"小个子的诺诺力气很大单手就把乐平拎了起来按在墙上."
Chapter1_xinwu_lpnono_FT2D,"另一只手握紧拳头就要给乐平一拳,被赶到的戌山死死的抓住."
Chapter1_xinwu_lpnono_K041,"戌山:诺诺！！！"
Chapter1_xinwu_lpnono_UTIL,"诺诺:你个死胖子,凭什么跑这么快"
Chapter1_xinwu_lpnono_MNDL,"乐平摇摇头清醒了一下."
Chapter1_xinwu_lpnono_H5EI,"乐平:这么简单的炁术都不会？图书馆.你是真的一次不去呀！"
Chapter1_xinwu_lpnono_1W08,"诺诺:把殿下的信物给我！"
Chapter1_xinwu_lpnono_F8S5,"乐平:这是人家给我的，我凭什么给你,你要是想要你就去朝他要呀！"
Chapter1_xinwu_lpnono_7Q03,"诺诺:你！"
Chapter1_xinwu_lpnono_O9LO,"诺诺想狠狠的揍他一顿可是另一只手被戌山死死的拉着."
Chapter1_xinwu_lpnono_X6P2,"乐平:你什么你.人家愿意给我！你能咋地."
Chapter1_xinwu_lpnono_MR4S,"乐平:你撒开我！听着没有"
Chapter1_xinwu_lpnono_YBMJ,"诺诺:给我！"
Chapter1_xinwu_lpnono_YOEE,"乐平:没门！"
Chapter1_xinwu_lpnono_MV6R,"诺诺:王八蛋！"
Chapter1_xinwu_lpnono_HRB8,"乐平:我告诉你，你个小瘪犊子！除非.."
Chapter1_xinwu_lpnono_AVVU,"乐平的手指轻轻地挥动,他开始变得轻飘飘的."
Chapter1_xinwu_lpnono_IEXF,"诺诺也诧异着,趁着这一时的疏忽。"
Chapter1_xinwu_lpnono_NJ22,"乐平的身体像个气球一样倒旋转至倒立的飘了起来."
Chapter1_xinwu_lpnono_CRO8,"脚踩着天花板向着来时的方向跑走了."
Chapter1_xinwu_lpnono_M8RP,"乐平:除非你能追上我！！！"
Chapter1_xinwu_lpnono_UKC1,"戌山松开诺诺"
Chapter1_xinwu_lpnono_HZ3H,"戌山:乐平！你等下我！"
Chapter1_xinwu_lpnono_9DYY,"子澈拍了拍诺诺,诺诺看见是子澈,眼神变得和善温柔了许多."
Chapter1_xinwu_lpnono_RZV9,"摇摇头失落的走了."
Chapter1_xinwu_lpnono_DEDS,"去追乐平和戌山"
Chapter1_xinwu_lpnono_QGG2,"去追诺诺"
Chapter1_xinwu_zuileping_8N52,"子澈快步的跑上去."
Chapter1_xinwu_zuileping_MV93,"最后在学校体育场前方的道路上找到他.子澈叫住两人,气喘吁吁跑到跟前."
Chapter1_xinwu_zuileping_C5QX,"乐平:子澈你怎么来了"
Chapter1_xinwu_zuileping_80VI,"子澈检查者乐平的头."
Chapter1_xinwu_zuileping_T96Z,"乐平:我没事啦.我怕他挠我,早就施了术法的."
Chapter1_xinwu_zuileping_KFNF,"戌山:我们正好要去操场那边,子澈要一起来吗"
Chapter1_xinwu_zuileping_22U4,"子澈点了点头."
Chapter1_xinwu_zuileping_YPL6,"戌山:你怎么能跑得那么快？还有最后飘起来怎么做到的."
Chapter1_xinwu_zuileping_5NZU,"乐平:这个呀,原本这个叫云火步,图书馆里有很多关于这个炁术的记载呀.它可以让施术者变得很轻,跑起来飞快."
Chapter1_xinwu_zuileping_QW85,"乐平:只不过它的祝词有点长,我把它和另外一个快速施放的术法接在一起简化成一个手势了,虽然... ..."
Chapter1_xinwu_zuileping_96X4,"乐平:没人家那么快但是.跑过诺诺还是很轻松的！"
Chapter1_xinwu_zuileping_I39Z,"戌山:诺诺好像最近有点针对你,你是不是做啥让他不高兴了."
Chapter1_xinwu_zuileping_3GEU,"乐平:它是针对所有他看不上的人好吧...."
Chapter1_xinwu_zuileping_NHDB,"戌山:啊？"
Chapter1_xinwu_zuileping_25R5,"乐平从兜里掏出来毗罗陀的戒指."
Chapter1_xinwu_zuileping_S83J,"戌山:这是毗罗陀的戒指！这就是他的信物？也太贵重了吧."
Chapter1_xinwu_zuileping_KQ0T,"乐平:这本来是毗罗陀让我给诺诺的.他怕诺诺自己解不了让我帮他."
Chapter1_xinwu_zuileping_9KQ2,"戌山:那你咋不给他."
Chapter1_xinwu_zuileping_70WU,"乐平:你看他给我机会了吗,一看到我就好像要吃了我一样."
Chapter1_xinwu_zuileping_9M2I,"乐平:就那种咄咄逼人的感觉很不爽好吧,我等下把这个还是还给毗罗陀吧,这种差事我可干不来."
Chapter1_xinwu_zuileping_7SUR,"戌山:嗯."
Chapter1_xinwu_zuileping_C4QN,"乐平:哎,那个,你的信物打算给谁呀"
Chapter1_xinwu_zuileping_46BR,"戌山:这个... ...我还没想好呢... ..."
Chapter1_xinwu_zuileping_OEH1,"乐平:反正不要给诺诺那个小鳖犊子就行！"
Chapter1_xinwu_zuileping_FPUR,"戌山:怎么会."
Chapter1_xinwu_zuileping_IEC9,"普塔赫:你们在这里呀."
Chapter1_xinwu_zuileping_R8KV,"戌山:班长！"
Chapter1_xinwu_zuileping_V651,"乐平:班长！"
Chapter1_xinwu_zuileping_NBY0,"普塔赫:乐平我想找你帮个忙."
Chapter1_xinwu_zuileping_BCMQ,"乐平:啥事呀."
Chapter1_xinwu_zuileping_4CQN,"普塔赫:正好一起走走,边走边说呗,不介意吧小两口."
Chapter1_xinwu_zuileping_2W5M,"乐平:说啥呢.班长"
Chapter1_xinwu_zuileping_5THW,"戌山:....不..不介意.."
Chapter1_xinwu_zuileping_ZIRV,"普塔赫:在课上解信物的时候."
Chapter1_xinwu_zuileping_U0AS,"普塔赫:我看到的场景是比约恩老师的办公室。"
Chapter1_xinwu_zuileping_E6X5,"普塔赫:我本以为都是虚幻的幻象,结果就踢到了办公室地上的书堆."
Chapter1_xinwu_zuileping_0T87,"普塔赫:被绊了一跤，老师的书也散落一地."
Chapter1_xinwu_zuileping_P6EI,"普塔赫:等到下课我才意识到奇怪的地方."
Chapter1_xinwu_zuileping_DG2J,"普塔赫:于是我去找老师,想问这个问题.当我进办公室后,我发现老师不在.但是地上的书籍却散落一地"
Chapter1_xinwu_zuileping_MZ93,"普塔赫:那些正是我在信物幻境里踢倒的那堆书..."
Chapter1_xinwu_zuileping_KTDJ,"普塔赫:我想信物这个东西，没有那么简单。"
Chapter1_xinwu_zuileping_QWYN,"戌山:这是巧合啦班长。难不成信物还能影响现实世界吗？"
Chapter1_xinwu_zuileping_HF6I,"乐平:我倒是听说过,有人利用强力的信物,在信物里面学习，考咱们学校的传闻."
Chapter1_xinwu_zuileping_DNK7,"乐平:现实和信物内的时间流速不同,所以想用这种方法多学一些."
Chapter1_xinwu_zuileping_3HQV,"乐平:既然能学习,就证明那个学生找到了信物里的实体书籍... ..."
Chapter1_xinwu_zuileping_X586,"乐平:但是...后果可不太好,也是听说后来那个学生疯掉了."
Chapter1_xinwu_zuileping_79US,"普塔赫:嗯.这个我也听说过"
Chapter1_xinwu_zuileping_VX4B,"普塔赫:但是我想帮忙的不是这个."
Chapter1_xinwu_zuileping_RBQ5,"乐平:那.班长你想干哈？"
Chapter1_xinwu_zuileping_7U35,"普塔赫:我其实想让你帮我偷一个东西."
Chapter1_xinwu_zuileping_SZMC,"乐平:偷东西？？？偷什么啊."
Chapter1_xinwu_zuileping_2FCD,"乐平:啊<waitfor=1>？啊<waitfor=1>？啊？不行<waitfor=1>不行,这有悖当代大学生的思想品德的."
Chapter1_xinwu_zuileping_HU0P,"普塔赫:哈哈哈哈,你又来！"
Chapter1_xinwu_zuileping_R75H,"普塔赫:不是别人的东西,是我的东西."
Chapter1_xinwu_zuileping_7LPJ,"乐平:你的东西？"
Chapter1_xinwu_zuileping_1R38,"普塔赫拿出一条配有红色宝石的项链,夕阳下项链显得熠熠生辉.那妖艳的红宝石,似乎有什么特殊的魔力吸引着四人的目光."
Chapter1_xinwu_zuileping_VYHU,"普塔赫:就是帮我偷这条项链."
Chapter1_xinwu_zuileping_VL4U,"乐平:这不就在你手上."
Chapter1_xinwu_zuileping_XO6Q,"普塔赫:我是想让你偷以前的它."
Chapter1_xinwu_zuileping_HX9T,"普塔赫:把他偷来然后扔掉就行."
Chapter1_xinwu_zuileping_015T,"乐平:班长你是有多恨这条项链."
Chapter1_xinwu_zuileping_ZA6A,"乐平:再说，班长你怎么知道这个项链在信物里一定是实体的呢"
Chapter1_xinwu_zuileping_LYJ7,"普塔赫:我在老师办公仔细观察了一下。"
Chapter1_xinwu_zuileping_K5K8,"普塔赫:被我踢到的都是老师经常看的或者很旧的书"
Chapter1_xinwu_zuileping_0U74,"普塔赫:所以我在想，能在幻境中能呈现实体的物体，应该是那些本人珍视的，经常使用的或者是。"
Chapter1_xinwu_zuileping_TXB2,"普塔赫:是施术者长时间拥有的物件。"
Chapter1_xinwu_zuileping_B79I,"乐平:还得是你呀，班长。有这种可能。但是如果不是呢。"
Chapter1_xinwu_zuileping_Y9KY,"普塔赫:如果不是这样子，就算我完成作业了。就把我的信物送给你了。"
Chapter1_xinwu_zuileping_N42F,"乐平:这样吗，"
Chapter1_xinwu_zuileping_11XP,"戌山:... ..."
Chapter1_xinwu_zuileping_IOFT,"乐平:班长还有一种情况，就像你说的，如果真的是实体我把它偷出来，藏起来，让过去幻象里的你找不到。。那么。。"
Chapter1_xinwu_zuileping_MW5A,"戌山:等一下,等一下,如果这条项链过去不见了,那<waitfor=1>......现在的岂不是也要消失..那<waitfor=1>.....这个信物就不存在了."
Chapter1_xinwu_zuileping_SKLY,"戌山:岂不是就不存在乐平解术这个事情！解术的乐平你会怎样？会不会有危险！"
Chapter1_xinwu_zuileping_YXQW,"乐平:是有这个悖论。但是既然是炁术。"
Chapter1_xinwu_zuileping_4168,"乐平:那么都是在炁术结束时候才会生效."
Chapter1_xinwu_zuileping_4NKN,"乐平:图书馆里有记载的."
Chapter1_xinwu_zuileping_5T6A,"戌山:你可真是爱看书呀"
Chapter1_xinwu_zuileping_9AB5,"乐平:我感觉你这个不是什么好话"
Chapter1_xinwu_zuileping_2X8I,"普塔赫:找你果然没错,乐平."
Chapter1_xinwu_zuileping_SRDH,"乐平:不过班长,这个事,我可能帮不了你."
Chapter1_xinwu_zuileping_XR0I,"乐平:因为这个会沾染太多的你的.. ...因果了."
Chapter1_xinwu_zuileping_R7J6,"普塔赫:好吧..那就..那就算了吧."
Chapter1_xinwu_zuileping_P6HD,"乐平:算了,倒也不至于."
Chapter1_xinwu_zuileping_3Y1N,"乐平:我懂另一个解信物的炁术.只要你们拽着我，我就能带你们进这个信物的幻象"
Chapter1_xinwu_zuileping_ZVYQ,"乐平:解铃还须系铃人，班长这件事还得你自己去！"
Chapter1_xinwu_zuileping_TUZ6,"戌山:这也是图书馆里记载的？"
Chapter1_xinwu_zuileping_ZXYK,"乐平摸着戌山的头"
Chapter1_xinwu_zuileping_YOKZ,"乐平:乖乖,这个真不是.我怕是以前就会呢."
Chapter1_xinwu_zuileping_96ML,"戌山:...你可真棒..."
Chapter1_xinwu_zuileping_ANXA,"普塔赫:那我们去中心广场吧,那边这个时间人比较少."
Chapter1_xinwu_zuileping_ADUZ,"四个人边说边笑的向中央广场走去,中央广场位于教学楼的中央,八个方向被教学楼围着,"
Chapter1_xinwu_zuileping_3K0I,"穿过四周种植的的低矮灌木,踏过流水的小沟渠,便来到了<link=dinghuan>顶环</link>之下的中央广场,"
Chapter1_xinwu_zuileping_3CP6,"太阳接近下山,四周火焰形状的灯开始微微亮起."
Chapter1_xinwu_zuileping_QHKE,"白天时候川流不息的人群会经过这里,踏过两种不同材质的地砖的组成的太极图案.用最快的方式穿梭在教室之间."
Chapter1_xinwu_zuileping_L8Y8,"普塔赫:那我们开始吧."
Chapter1_xinwu_zuileping_6RZB,"普塔赫拿出项链放在广场中心,把解术词悄悄的告诉了乐平."
Chapter1_xinwu_zuileping_3B4C,"乐平轻念祝词,手指一挥无数的丝线出现,他转过身拉住子澈的手.看向其他人."
Chapter1_xinwu_zuileping_RLTB,"乐平:你们拽住我哈.登进去了在松手."
Chapter1_xinwu_zuileping_01L4,"戌山:嗯。"
Chapter1_xinwu_zuileping_7LMG,"普塔赫:嗯。"
Chapter1_xinwu_zuileping_CQ3C,"说话间,无数的丝线崩陷而出其中有一条红色丝线异常显眼."
Chapter1_xinwu_zuileping_Q6S3,"乐平点点头捉住了这条丝线"
Chapter1_xinwu_10nianqian1_RO7F,"乐平:子澈,子澈"
Chapter1_xinwu_10nianqian1_X957,"乐平轻轻的拍打着子澈的脸."
Chapter1_xinwu_10nianqian1_N8CM,"乐平:子澈你还好吧."
Chapter1_xinwu_10nianqian1_T0XC,"手摸向乐平的脸"
Chapter1_xinwu_10nianqian1_TWZ3,"子澈的手慢慢的伸向乐平的脸,触碰到乐平的脸颊.手指滑到了乐平的脑后,手臂发力一把讲乐平拉了过来."
Chapter1_xinwu_10nianqian1_HWEA,"顺势便亲了乐平一下.乐平脸一下子就红了."
Chapter1_xinwu_10nianqian1_6H8H,"乐平:子澈你干嘛呀！"
Chapter1_xinwu_10nianqian1_HEYS,"子澈赶紧摇头解释自己不是故意的."
Chapter1_xinwu_10nianqian1_O993,"乐平:你要是没事就快起来"
Chapter1_xinwu_10nianqian1_UX7K,"摇摇头表示自己很晕"
Chapter1_xinwu_10nianqian1_8IO4,"子澈摇摇头似乎自己还是不是很清醒."
Chapter1_xinwu_10nianqian1_M6HQ,"乐平:不应该呀？... ..."
Chapter1_xinwu_10nianqian1_YZ2S,"戌山:子澈你没事吧？我来扶你."
Chapter1_xinwu_10nianqian1_JCM0,"戌山走了过来扶起子澈."
Chapter1_xinwu_10nianqian1_A4C1,"戌山:还好吧,子澈."
Chapter1_xinwu_10nianqian1_ZAJT,"子澈顺势靠在戌山的怀里."
Chapter1_xinwu_10nianqian1_2M2V,"结实的肌肉触感传过来,干燥的空气里瞬间充满了戌山的气息还混合着他身上淡淡的香水味道."
Chapter1_xinwu_10nianqian1_DYIG,"子澈的脸更红了,头更晕了."
Chapter1_xinwu_10nianqian1_33KS,"戌山:子澈你怎么脸这么红呀.不会是发烧了吧？"
Chapter1_xinwu_10nianqian1_EVEA,"戌山把子澈抱的更紧了."
Chapter1_xinwu_10nianqian1_7PNR,"子澈感觉自己要融化了."
Chapter1_xinwu_10nianqian2_6TX0,"普塔赫:这... ...太不可思议了,乐平你居然能把我也带进来我的信物里了."
Chapter1_xinwu_10nianqian2_V8HZ,"乐平:我姥姥教给我的。"
Chapter1_xinwu_10nianqian2_664D,"乐平:她那时候想让我想起来以前的事..又怕我自己一个人不安全。"
Chapter1_xinwu_10nianqian2_JW5J,"乐平:所以她改良并发明了这个炁术."
Chapter1_xinwu_10nianqian2_RQT8,"普塔赫:你姥姥也太牛了吧！"
Chapter1_xinwu_10nianqian2_VJG1,"乐平:嘿嘿。就是我有好多炁术都是和我姥姥学的."
Chapter1_xinwu_10nianqian2_KN2F,"其他人都投来了羡慕的眼光."
Chapter1_xinwu_10nianqian2_VBPO,"乐平:班长这个时间段是啥时候.你来学院前多久？"
Chapter1_xinwu_10nianqian2_P473,"普塔赫向远方眺望着,远处的神殿金碧辉煌."
Chapter1_xinwu_10nianqian2_BRMH,"挂满了黑色的旗帜,空气中似乎蔓延着一种特殊的香味."
Chapter1_xinwu_10nianqian2_XKS9,"普塔赫:这..这是...10年前？？？？"
Chapter1_xinwu_10nianqian2_9GDO,"普塔赫:怎么会来到这个时间点,我还以为最多是1年前的样子."
Chapter1_xinwu_10nianqian2_2BWN,"乐平:应该是赤子强化了施术的炁术,同时也强化了解术的炁术."
Chapter1_xinwu_10nianqian2_JF0M,"乐平:这么久远的时间,我也是第一次做到...."
Chapter1_xinwu_10nianqian2_T5BR,"戌山:那班长接下来要怎么做."
Chapter1_xinwu_10nianqian2_13LR,"普塔赫:看那些黑色的旗帜,这个时间应该是10年前生日那天"
Chapter1_xinwu_10nianqian2_97ZI,"乐平:生日,那是不是有好吃的蛋糕？神官大人的蛋糕肯定好吃！"
Chapter1_xinwu_10nianqian2_3IJF,"戌山:你确定是蛋糕吗,乐平... ..."
Chapter1_xinwu_10nianqian2_XYQ9,"乐平:当然是蛋糕！"
Chapter1_xinwu_10nianqian2_YV1W,"乐平:还有鸡腿,烤肉什么的.葡萄美酒，甘泉晨露！什么的！"
Chapter1_xinwu_10nianqian2_DDU0,"乐平:神官大人的生日肯定有很多好吃的.对吧,神官大人."
Chapter1_xinwu_10nianqian2_K7MZ,"普塔赫:对不起,乐平,让你失望了."
Chapter1_xinwu_10nianqian2_LHV6,"普塔赫:虽然没有庆祝,但我永生难忘的就是今天."
Chapter1_xinwu_10nianqian2_3AA3,"普塔赫:我们走吧.."
Chapter1_xinwu_10nianqian2_TO4V,"普塔赫带领着他们走向神殿"
Chapter1_xinwu_10nianqian2_R53A,"他们穿行于这片宏伟的建筑群,惊叹着这里建筑的宏伟."
Chapter1_xinwu_10nianqian2_K86H,"穿过神殿,走向位于神殿后方的寝宫."
Chapter1_xinwu_10nianqian2_855M,"普塔赫:那边."
Chapter1_xinwu_10nianqian2_M0BE,"普塔赫:是我小时候住的寝宫."
Chapter1_xinwu_10nianqian2_71J2,"乐平:班长你看."
Chapter1_xinwu_10nianqian2_RZW2,"普塔赫顺着乐平的手指看去,发现寝宫的门口站着一个小男孩,"
Chapter1_xinwu_10nianqian2_4IR0,"男孩大概十岁左右,穿着祭祀服装,正仰着头和一个中年男子说话."
Chapter1_xinwu_10nianqian2_1S3G,"普塔赫:那是我和父亲."
Chapter1_xinwu_10nianqian2_JUB4,"普塔赫:我们应该在等... ..."
Chapter1_xinwu_10nianqian2_HMMX,"普塔赫:其实有多少次我梦见回到这天,拒绝接受这条项链."
Chapter1_xinwu_10nianqian2_AZBF,"乐平:这条项链,到底是什么呀.对你影响这么深."
Chapter1_xinwu_10nianqian2_9KVI,"普塔赫:这条项链是孟菲斯神官的项链，是神官的象征。"
Chapter1_xinwu_10nianqian2_FIEI,"普塔赫:只有被孟菲斯的神，相中的人，才能成为神官。"
Chapter1_xinwu_10nianqian2_ZMD7,"普塔赫:接受这条项链,其实就相当于接受了神官的命运."
Chapter1_xinwu_10nianqian2_GMTJ,"乐平:孟菲斯的神官..."
Chapter1_xinwu_10nianqian2_CD9D,"乐平思索着....."
Chapter1_xinwu_10nianqian2_XHDF,"乐平:你是说,是侍奉神明的那种神官吗？"
Chapter1_xinwu_10nianqian2_Y8P8,"乐平:我听说过,在孟菲斯,侍奉神明的神官会被剥夺自由,一生囚禁在神殿之中."
Chapter1_xinwu_10nianqian2_AAUZ,"乐平:甚至有的变成了活死人."
Chapter1_xinwu_10nianqian2_E6D5,"普塔赫点点头."
Chapter1_xinwu_10nianqian2_IVZG,"普塔赫:我的父亲是孟菲斯的祭祀之一。"
Chapter1_xinwu_10nianqian2_FVYK,"普塔赫:父亲主要工作是负责孟菲斯神明与凡人间沟通的事宜，类似翻译官这样的职务。"
Chapter1_xinwu_10nianqian2_NX74,"普塔赫:在孟菲斯，神明和祭祀之间还有一个隐秘的职位，就是神官。神明的仆人。"
Chapter1_xinwu_10nianqian2_7KEQ,"普塔赫:父亲曾说过.神官是神明的认可,在孟菲斯,神官是家族的荣耀."
Chapter1_xinwu_10nianqian2_FPGY,"普塔赫:那时候年纪小.神明也只见过一两次."
Chapter1_xinwu_10nianqian2_2139,"普塔赫:应该是家人在保护我，不想让我和孟菲斯的神明接触。"
Chapter1_xinwu_10nianqian2_OPMZ,"普塔赫:嘴上说着是荣耀，但事实上还是不想让我成为神官的候选人。"
Chapter1_xinwu_10nianqian2_ZY4L,"普塔赫:可，即使这样，这份荣耀却找上了我。"
Chapter1_xinwu_10nianqian2_LEFT,"普塔赫:那时候小，什么是神官,什么是荣耀根本就不懂。"
Chapter1_xinwu_10nianqian2_48JR,"普塔赫:天真的认为,神明大人对我真好,我过生日送我了一条这么漂亮的项链."
Chapter1_xinwu_10nianqian2_WXHO,"普塔赫:我甚至还炫耀了好久."
Chapter1_xinwu_10nianqian2_WSRS,"普塔赫:......"
Chapter1_xinwu_10nianqian2_MY5G,"普塔赫:当我被选中后，父母便没了笑容，母亲更是以泪洗面。"
Chapter1_xinwu_10nianqian2_2883,"普塔赫:最终我的母亲还是接受不了.便想偷偷带我离开这里."
Chapter1_xinwu_10nianqian2_4J8C,"普塔赫:我们离开的很隐秘。就在快离开孟菲斯的土地的时候。"
Chapter1_xinwu_10nianqian2_I0ZB,"普塔赫:神的使者还是找到了我们。他们... ...杀光了这一路所有帮助过我们母子的人。"
Chapter1_xinwu_10nianqian2_ZRSK,"普塔赫:后来"
Chapter1_xinwu_10nianqian2_6T8G,"普塔赫:他们.....在我和父亲的面前杀死了我的母亲."
Chapter1_xinwu_10nianqian2_YZT1,"普塔赫:... ...以示惩戒,"
Chapter1_xinwu_10nianqian2_ZHH5,"普塔赫:甚至还说。还说,如果不接受,那么就会一个一个杀掉我的亲人... ...直到接受为止... ..."
Chapter1_xinwu_10nianqian2_T87X,"戌山走了过去,搂起普塔赫的颤抖的肩膀.安慰着他。"
Chapter1_xinwu_10nianqian2_CKK9,"普塔赫:作为孟菲斯人,我们深知神明的强大."
Chapter1_xinwu_10nianqian2_YWS5,"普塔赫:作为祭祀的父亲更没有办法反抗这个命运."
Chapter1_xinwu_10nianqian2_ZMC3,"普塔赫:我知道就算扔掉那条项链也无济于事.也改变不了什么."
Chapter1_xinwu_10nianqian2_TMC0,"普塔赫:可是我只是想反抗一下.哪怕只是在幻境里... ..."
Chapter1_xinwu_10nianqian2_HXMU,"乐平:你们那个神明是阎王吗."
Chapter1_xinwu_10nianqian2_GXUO,"乐平:这是什么操蛋玩意！"
Chapter1_xinwu_10nianqian2_DRMT,"乐平:班长,一会咱们就去找到那条项链给他毁喽."
Chapter1_xinwu_10nianqian2_61XI,"乐平:然后再给你小时候一嘴巴子.让他醒醒！"
Chapter1_xinwu_10nianqian2_GGTP,"突然间风声四起,席卷的黄沙遮天蔽日,四人被迫退回神殿内,普塔赫紧紧攥着拳头."
Chapter1_xinwu_10nianqian2_5D0W,"普塔赫:他来了."
Chapter1_xinwu_10nianqian2_Z767,"乐平:谁？"
Chapter1_xinwu_10nianqian2_66HS,"普塔赫:霍鲁斯！"
Chapter1_xinwu_10nianqian2_KK4M,"只见一位身披黄金羽衣的鹰头人缓缓的从黄沙中走出,金色的羽毛在阳光下闪耀着耀眼的光芒."
Chapter1_xinwu_10nianqian2_UFYE,"普塔赫:这是孟菲斯的神明之一,鹰神霍鲁斯.神的使者"
Chapter1_xinwu_10nianqian2_9QH0,"众人屏住呼吸,注视着这位神明.可是太远了,他们听不见具体说了什么."
Chapter1_xinwu_10nianqian2_ZHW6,"年轻的祭祀将年少的普塔赫护在身后。"
Chapter1_xinwu_10nianqian2_CG4E,"面露难色的祭祀一直在解释什么。"
Chapter1_xinwu_10nianqian2_EG0S,"只见霍鲁斯拿出一个木匣,命令祭祀跪下。"
Chapter1_xinwu_10nianqian2_OLZ7,"普塔赫的父亲跪了下去，双手去承接木匣"
Chapter1_xinwu_10nianqian2_OVMD,"又是一阵风沙袭来,霍鲁斯的身影消失在风沙之中."
Chapter1_xinwu_10nianqian2_MI64,"祭祀打开木匣取出那条镶嵌着赤子的黄金项链."
Chapter1_xinwu_10nianqian2_49VS,"光芒照在项链上,那红色夺目妖艳."
Chapter1_xinwu_10nianqian2_8FAR,"祭祀，哭泣着正要将这条项链挂在年少的普塔赫的脖子上。"
Chapter1_xinwu_10nianqian2_ZQDS,"四周的幻象静止了,唯独那红的项链在摇曳着,在闪耀着."
Chapter1_xinwu_10nianqian2_PABY,"普塔赫下意识的看了看乐平,乐平点点头示意是时候了."
Chapter1_xinwu_10nianqian2_OM1D,"于是四人走了过去.普塔赫深吸一口气,伸手去拿那条项链."
Chapter1_xinwu_10nianqian2_8A8W,"乐平:子澈你看见了吗,自从进入幻相到现在,那条红色的丝线一直都在."
Chapter1_xinwu_10nianqian2_L4ZR,"嗯,是的"
Chapter1_xinwu_10nianqian2_E1QM,"子澈看向天空,发现那条红色的丝线正缓缓的飘向那条项链."
Chapter1_xinwu_10nianqian2_CWFF,"乐平:这太奇怪了."
Chapter1_xinwu_10nianqian2_02A8,"普塔赫一把握住那条项链,赤子发出耀眼的光芒."
Chapter1_xinwu_10nianqian2_RSHJ,"就在大家诧异的时刻一阵炁流吹来,卷积着黄沙,一个巨大的身影出现在黄沙中."
Chapter1_xinwu_10nianqian2_KDIC,"戌山:那是霍鲁斯！"
Chapter1_xinwu_10nianqian2_EBD8,"霍鲁斯:你们是什么人？"
Chapter1_xinwu_10nianqian2_EIN9,"普塔赫:这是怎么回事？他怎么回来了？"
Chapter1_xinwu_10nianqian2_U50H,"乐平:这就是...我说的因果.... 班长!"
Chapter1_xinwu_10nianqian2_OS0D,"乐平:怕是，我们真的改变了..."
Chapter1_xinwu_10nianqian2_MD4G,"一阵风沙呛得乐平直咳嗽。"
Chapter1_xinwu_10nianqian2_PXNK,"霍鲁斯:凡人放开你那肮脏的手,神官项链岂是尔等敢触碰之物."
Chapter1_xinwu_10nianqian2_HKRS,"霍鲁斯一把抓住普塔赫的手腕."
Chapter1_xinwu_10nianqian2_6MHX,"普塔赫:放开我！混蛋！"
Chapter1_xinwu_10nianqian2_UXWS,"霍鲁斯另一只手举起佩刀,向普塔赫的手臂砍去"
Chapter1_xinwu_10nianqian2_08AA,"霍鲁斯:失去手臂是对你亵渎神明的惩罚！"
Chapter1_xinwu_10nianqian2_A5X5,"戌山:班长你没事吧！"
Chapter1_xinwu_10nianqian2_EJWF,"戌山抽出自己的宝刀硬生生的挡住了霍鲁斯的刀锋."
Chapter1_xinwu_10nianqian2_8TU3,"普塔赫身子一扭,在霍鲁斯的惊诧之中,挣脱了控制"
Chapter1_xinwu_10nianqian2_9SUN,"霍鲁斯:凡人！你们竟然敢... ..."
Chapter1_xinwu_10nianqian2_H8CG,"话音未落,只见一道白色的光芒直奔霍鲁斯而去."
Chapter1_xinwu_10nianqian2_RH8A,"形成一道白色帷幕将其困于其中."
Chapter1_xinwu_10nianqian2_ZIWB,"霍鲁斯奋力挥砍想冲出来,但那帷幕随着刀锋舞蹈着,刀剑碰触不到分毫."
Chapter1_xinwu_10nianqian2_2P75,"乐平:这炁术困不住他多久！"
Chapter1_xinwu_10nianqian2_DPCU,"乐平:愣着干嘛,快跑呀."
Chapter1_xinwu_10nianqian2_2FU0,"普塔赫:往哪跑？"
Chapter1_xinwu_10nianqian2_8LTC,"乐平:跟着那条红色的丝线跑呀！"
Chapter1_xinwu_10nianqian2_W835,"普塔赫:哪有什么红色丝线！"
Chapter1_xinwu_10nianqian2_OPV9、,"乐平:那就跟着子澈跑！他看的到！"
Chapter1_xinwu_10nianqian2_SLMO,"子澈指着来时的方向,四人便朝着那个方向跑去."
Chapter1_xinwu_10nianqian2_0W6A,"乐平跑在最后,他嘴里念叨着,手上比划的手势也越来越复杂."
Chapter1_xinwu_10nianqian2_D7JK,"白色帷幕中,霍鲁斯展开了披在身上的羽翼,半蹲着积攒着力气."
Chapter1_xinwu_10nianqian2_2ICJ,"轰的一声霍鲁斯便从上方冲了出去,"
Chapter1_xinwu_10nianqian2_USX2,"停留在半空的霍鲁斯注视着四人,张开双翅向下俯冲而来."
Chapter1_xinwu_10nianqian2_KA7D,"霍鲁斯像一只巨大的鹰隼扑向猎物一般."
Chapter1_xinwu_10nianqian2_S68W,"化身成金色的光芒携卷着黄沙带着滔天的愤怒向他们俯冲而来."
Chapter1_xinwu_10nianqian2_YM1P,"普塔赫回头惊恐的看着俯冲而来的霍鲁斯."
Chapter1_xinwu_10nianqian2_I38B,"乐平:开！！！！"
Chapter1_xinwu_10nianqian2_V70P,"随着乐平一声大喝,一道炁流从他掌心爆发出来,一阵幽兰色的光芒笼罩着四人."
Chapter1_xinwu_10nianqian2_MD32,"子澈发现他似乎飘了起来,移动速度陡然间提升很多."
Chapter1_xinwu_10nianqian2_T8V1,"他们像坐在一辆高速前行的列车一般,带着他们飞速的向前."
Chapter1_xinwu_10nianqian2_QR6S,"竟与霍鲁斯渐渐的拉开了距离"
Chapter1_xinwu_10nianqian2_QTJ5,"乐平:在那！"
Chapter1_xinwu_10nianqian2_1EYU,"顺着乐平手指的方向,子澈看见有一道门突兀的伫立在那里."
Chapter1_xinwu_10nianqian2_MCVO,"红色的丝线在门的把手上死死的缠绕着."
Chapter1_xinwu_10nianqian2_OUPU,"乐平:快！把门打开"
Chapter1_xinwu_10nianqian2_9357,"子澈正努力的解着缠绕的红线."
Chapter1_xinwu_lost1shengzi_PZWK,"霍鲁斯：凡人，去死吧！"
Chapter1_xinwu_lost1shengzi_PBCP,"乐平：.....啊... ..."
Chapter1_xinwu_lost1shengzi_1906,"戌山：乐平.... 不...."
Chapter1_xinwu_lost1shengzi_ZMFO,"戌山：......."
Chapter1_xinwu_lost1shengzi_84RQ,"普塔赫：对不起，这都是我的错...."
Chapter1_xinwu_lost1shengzi_WDA2,"获得成就你是不是从没单身过？"
Chapter1_xinwu_10nianqian2_ZRLF,"不多时门被打开了"
Chapter1_xinwu_10nianqian2_H8HD,"乐平:快进去！！！"
Chapter1_xinwu_10nianqian2_51ZB,"四人一股脑的冲进了门里,临关门的时候乐平还对着霍鲁斯做了个鬼脸！"
Chapter1_xinwu_10nianqian2_7M7Q,"乐平:略.略.略"
Chapter1_xinwu_huolusi_DF5N,"四人睁开眼睛回过神来.乐平靠着戌山大口大口的喘着粗气."
Chapter1_xinwu_huolusi_UR2H,"普塔赫也松了口气.缓缓地坐在地上."
Chapter1_xinwu_huolusi_ISEI,"乐平:班长,那个项链！"
Chapter1_xinwu_huolusi_V5QE,"乐平发现信物项链并没有消失,"
Chapter1_xinwu_huolusi_4F6I,"而且普塔赫的手上却握着另外一条祭祀项链。"
Chapter1_xinwu_huolusi_H1V9,"乐平:这,这,是怎么回事,不应该... ..."
Chapter1_xinwu_huolusi_Z13X,"霎时间,两条项链开始疯狂抖动起来,两条项链的赤子宝石似乎产生了什么共鸣一般,发出耀眼的光芒."
Chapter1_xinwu_huolusi_DPOB,"一道红色的光芒从地下直窜而出连接着两条项链.光芒直冲云霄."
Chapter1_xinwu_huolusi_SXTN,"乐平:这... ...这是怎么回事？"
Chapter1_xinwu_huolusi_FT6L,"普塔赫:我也不知道."
Chapter1_xinwu_huolusi_6Y6Y,"戌山:小心！"
Chapter1_xinwu_huolusi_LLC5,"？？？:凡人！你们会为此付出代价！"
Chapter1_xinwu_huolusi_PLI0,"红光中一阵黄沙卷起."
Chapter1_xinwu_huolusi_CUYR,"一个巨大的身影从黄沙中缓缓显现."
Chapter1_xinwu_huolusi_E4C4,"霍鲁斯:你们这些无名小辈！"
Chapter1_xinwu_huolusi_ELRZ,"霍鲁斯:胆敢亵渎沙漠的神明！"
Chapter1_xinwu_huolusi_LW9N,"霍鲁斯:感受沙漠的咆哮吧！"
Chapter1_xinwu_zhuinono_GXAM,"子澈不知所措的站在走廊上,望着远去走开的诺诺."
Chapter1_xinwu_zhuinono_YBQ5,"呼喊诺诺的名字"
Chapter1_xinwu_zhuinono_VZZO,"子澈追了上去,一转弯的功夫就看不到诺诺的身影了"
Chapter1_xinwu_xunzhaonono_SBH0,"下楼去前厅找诺诺"
Chapter1_xinwu_xunzhaonono_JZKK,"上楼去公共休息室找诺诺"
Chapter1_xinwu_xialou_66OM,"子澈快步的跑下楼,来到前厅寻找诺诺的身影."
Chapter1_xinwu_xialou_NV91,"前厅的人不多,子澈仔细辨认还是没有见到诺诺的身影."
Chapter1_xinwu_xialou_ROGM,"接下来"
Chapter1_xinwu_xialou_VIOF,"上楼去公共休息室找诺诺"
Chapter1_xinwu_xialou_PXJU,"子澈快步的跑上楼,来到公共休息室寻找诺诺的身影."
Chapter1_xinwu_xialou_INO3,"休息室里温暖的阳光洒了进来,却一个人都没有."
Chapter1_xinwu_xialou_XTIG,"接下来"
Chapter1_xinwu_shanglou_DF72,"子澈快步的跑上楼,来到公共休息室寻找诺诺的身影."
Chapter1_xinwu_shanglou_GMXA,"休息室里温暖的阳光洒了进来,却一个人都没有."
Chapter1_xinwu_shanglou_CD0E,"接下来"
Chapter1_xinwu_shanglou_3Q7E,"下楼去前厅找诺诺"
Chapter1_xinwu_shanglou_JLIH,"子澈快步的跑下楼,来到前厅寻找诺诺的身影."
Chapter1_xinwu_shanglou_5PBG,"前厅的人不多,子澈仔细辨认还是没有见到诺诺的身影."
Chapter1_xinwu_shanglou_2IOW,"接下来"
Chapter1_xinwu_caochang_NF2S,"出寝室楼去找诺诺"
Chapter1_xinwu_caochang_C223,"子澈决定出去找诺诺,刚走出寝室楼,"
Chapter1_xinwu_caochang_QZQ5,"一群鸽子正回巢,身上的鸽哨正嗡嗡作响,子澈循声望去."
Chapter1_xinwu_caochang_8FJ9,"鸽群背后他隐约看到一个熟悉的身影坐在楼顶上."
Chapter1_xinwu_nono_NJTL,"子澈快步的跑上楼梯,来到楼顶."
Chapter1_xinwu_nono_3PP6,"诺诺正坐在楼顶的边缘,望着远方发呆.鸽群从他身边飞过.夕阳照在他身上泛出金色的光芒"
Chapter1_xinwu_nono_B19I,"诺诺:... ..."
Chapter1_xinwu_nono_AAJP,"走近诺诺"
Chapter1_xinwu_nuonuoxiaoshihou_52OP,"诺诺:... ..."
Chapter1_xinwu_nuonuoxiaoshihou_R8BH,"子澈走近诺诺,轻轻的拍了拍他的肩膀."
Chapter1_xinwu_nuonuoxiaoshihou_0FR5,"诺诺转过头,看见是子澈,眼神变得和善温柔了许多.示意让子澈坐下"
Chapter1_xinwu_nuonuoxiaoshihou_DL5N,"子澈坐在诺诺身边,两人并肩望着远方的夕阳."
Chapter1_xinwu_nuonuoxiaoshihou_OPW8,"诺诺:那边."
Chapter1_xinwu_nuonuoxiaoshihou_LVO8,"诺诺伸手指向西面,落日方向,隐约能看见远处的山."
Chapter1_xinwu_nuonuoxiaoshihou_FRY0,"诺诺:山的那边有座小村庄.我出生在那里"
Chapter1_xinwu_nuonuoxiaoshihou_P6NE,"诺诺:那里很漂亮.春天是连天的花田."
Chapter1_xinwu_nuonuoxiaoshihou_CRHA,"诺诺:夏天有翠绿的山,秋天有金色的麦浪."
Chapter1_xinwu_nuonuoxiaoshihou_JWJX,"诺诺:还有条清澈的小河.冬天可以在河上滑冰."
Chapter1_xinwu_nuonuoxiaoshihou_YUVL,"诺诺:小时候在那里生活."
Chapter1_xinwu_nuonuoxiaoshihou_05F0,"诺诺:你呢子澈.小时候啥样子？"
Chapter1_xinwu_nuonuoxiaoshihou_6U8E,"给他讲家乡的美丽景色"
Chapter1_xinwu_nuonuoxiaoshihou_FGPK,"给他讲小时候的趣事"
Chapter1_xinwu_maoxian_UAGH,"子澈绘声绘色的讲着小时候的故事"
Chapter1_xinwu_maoxian_JA4S,"露营看流星,下河捉螃蟹,爬山遇到奇怪的老伯等等"
Chapter1_xinwu_maoxian_1TDV,"甚至连逃课去网吧的事情也事无巨细的分享着"
Chapter1_xinwu_maoxian_B3EQ,"诺诺:... ..."
Chapter1_xinwu_maoxian_0PG5,"诺诺:我是侯爵的私生子.这个身份让我从小没朋友.你说的这些.我都没有参加过.."
Chapter1_xinwu_maoxian_DU2R,"诺诺:从小就要守规矩... ...出格的事也完全没做过."
Chapter1_xinwu_jingse_6TVY,"子澈绘声绘色的讲了讲家乡出名的景色."
Chapter1_xinwu_jingse_UN05,"从地标建筑到小胡同里民间艺人的雕塑.仔细的描述着生怕遗漏了什么."
Chapter1_xinwu_jingse_Y9ZI,"诺诺:这样么,真的有那么漂亮的城市吗？"
Chapter1_xinwu_jingse_FA4S,"诺诺:从小就被明令禁止出远门... ..."
Chapter1_xinwu_jingse_WP3V,"诺诺:除了父亲的封地，我其实没去过其他地方."
Chapter1_xinwu_wodainiqu_1OPI,"我带你去呀！"
Chapter1_xinwu_wodainiqu_N8N2,"诺诺:哈啊？"
Chapter1_xinwu_wodainiqu_ZARA,"诺诺:你带我去？？"
Chapter1_xinwu_wodainiqu_I2QD,"诺诺:不是,不是不乐意,只是......"
Chapter1_xinwu_wodainiqu_ND4K,"子澈没等诺诺把话说完,握住诺诺的手,把他揽在怀里."
Chapter1_xinwu_wodainiqu_BWYU,"诺诺:喂.你要干嘛."
Chapter1_xinwu_wodainiqu_R5RW,"子澈在诺诺耳边轻轻说着什么"
Chapter1_xinwu_wodainiqu_TSHS,"诺诺:我.我..没做过.."
Chapter1_xinwu_wodainiqu_ENH9,"子澈坏坏的笑着看着诺诺"
Chapter1_xinwu_wodainiqu_SK4E,"诺诺:那好.我们..做一次吧"
Chapter1_xinwu_wodainiqu_628R,"子澈站起身一把拉起诺诺,诺诺一个踉跄倒在了子澈的怀里."
Chapter1_xinwu_wodainiqu_TS96,"诺诺:对不起,子澈.撞到你了"
Chapter1_xinwu_wodainiqu_TAQR,"子澈拍了拍诺诺身上的尘土."
Chapter1_xinwu_wodainiqu_Y5MB,"牵着诺诺的手,下楼向楼后的树林走去."
Chapter1_xinwu_xiaoshulin_DPU9,"寝室楼后是一片中等面积的树林,"
Chapter1_xinwu_xiaoshulin_CZJI,"紧邻着树林的是一条还在建设商业街."
Chapter1_xinwu_xiaoshulin_9EKS,"诺诺:真的要逃课吗.."
Chapter1_xinwu_xiaoshulin_NO6P,"诺诺四张望着."
Chapter1_xinwu_xiaoshulin_XB1O,"诺诺:这边不是老师不让来吗."
Chapter1_xinwu_xiaoshulin_TSPC,"子澈笑着点点头.只是拉着他往前走."
Chapter1_xinwu_xiaoshulin_JLLY,"穿过这片商业街便进入了围绕着学校的住宅区."
Chapter1_xinwu_xiaoshulin_RTEO,"入夜的住宅区形形色色的夜市也在这时候开始了"
Chapter1_xinwu_xiaoshulin_PP66,"诺诺:这里,就是住宅区吗？"
Chapter1_xinwu_xiaoshulin_22SW,"诺诺:我从来没来过,平民住的的地方."
Chapter1_xinwu_xiaoshulin_3Q5S,"诺诺:这是.夜市吗."
Chapter1_xinwu_xiaoshulin_7JZZ,"子澈点点头."
Chapter1_xinwu_xiaoshulin_NNOR,"诺诺:子澈,我...我 ..."
Chapter1_xinwu_xiaoshulin_H795,"诺诺扭捏的样子让子澈有些头疼.他转过身站在诺诺的面前."
Chapter1_xinwu_xiaoshulin_YT3F,"这里没有侯爵,没有平民,没有阶级,只有我和你！"
Chapter1_xinwu_xiaoshulin_AMJX,"诺诺... ...."
Chapter1_xinwu_xiaoshulin_5SUX,"诺诺:你今天说话,怎么跟殿下一样."
Chapter1_xinwu_xiaoshulin_IE62,"子澈牵着诺诺的手走进夜市."
Chapter1_xinwu_xiaoshulin_7B65,"琳琅满目的商品和摊位让他俩目不暇接."
Chapter1_xinwu_xiaoshulin_W928,"每到一个摊位好奇诺诺都要问一下子澈这是什么."
Chapter1_xinwu_xiaoshulin_XSQJ,"诺诺看着各式各样的小吃流着口水"
Chapter1_xinwu_xiaoshulin_78UR,"诺诺:子澈... ..."
Chapter1_xinwu_xiaoshulin_T74Z,"子澈诧异的看着他"
Chapter1_xinwu_xiaoshulin_QHO6,"诺诺:其实除了毗罗陀殿下,班级里.你对我最好了."
Chapter1_xinwu_xiaoshulin_6XP8,"诺诺:额.说了奇怪的话,子澈你不要在意啊."
Chapter1_xinwu_zaiyima_6E3L,"我不在意"
Chapter1_xinwu_zaiyima_OU75,"我很在意"
Chapter1_xinwu_wobuzaiyi_Z99L,"诺诺:那就好！"
Chapter1_xinwu_wobuzaiyi_WDC1,"子澈询问着诺诺生气的原因"
Chapter1_xinwu_wobuzaiyi_HDG7,"诺诺:是.因为毗罗陀殿下把信物给了那个死胖子... ..."
Chapter1_xinwu_wobuzaiyi_AOS8,"你很想要毗罗陀的信物吗"
Chapter1_xinwu_wobuzaiyi_E3QC,"诺诺扭捏的点点头"
Chapter1_xinwu_wobuzaiyi_YIAJ,"诺诺:我其实是不想让别人解毗罗陀殿下的信物"
Chapter1_xinwu_wobuzaiyi_K7TW,"诺诺:不想让别人知道他的过去."
Chapter1_xinwu_wobuzaiyi_PT5L,"诺诺:尤其是那个死胖子."
Chapter1_xinwu_weishenme_PDE6,"毗罗陀的过去?"
Chapter1_xinwu_weishenme_1R8H,"诺诺:殿下的过去有很多事... ...不太适合让外人知道."
Chapter1_xinwu_weishenme_RGVX,"诺诺:还有一些事情关于我..."
Chapter1_xinwu_weishenme_LSI4,"诺诺:而我的更不想让他知道我的事.."
Chapter1_xinwu_weishenme_DYIX,"诺诺:不过给谁信物事毗罗陀殿下的自由."
Chapter1_xinwu_weishenme_B4WF,"诺诺:毕竟我对于王子就是个侍卫... ..."
Chapter1_xinwu_weishenme_TYD3,"子澈拍了拍诺诺的肩膀."
Chapter1_xinwu_weishenme_XN58,"诺诺也向子澈靠了靠."
Chapter1_xinwu_wohenzaiyi_44G9,"诺诺:额..还是给你造成困扰呢"
Chapter1_xinwu_wohenzaiyi_NTGI,"我在意的是你,不是你说了什么"
Chapter1_xinwu_wohenzaiyi_IUI3,"诺诺:... ..."
Chapter1_xinwu_wohenzaiyi_5BO7,"子澈拉起诺诺的手."
Chapter1_xinwu_wohenzaiyi_SLO7,"诺诺:子澈,那个.我想和你说..."
Chapter1_xinwu_wohenzaiyi_1CT4,"子澈把头凑了过去,耳朵贴近了诺诺"
Chapter1_xinwu_wohenzaiyi_BVAP,"诺诺趴在子澈的耳边"
Chapter1_xinwu_wohenzaiyi_8A1D,"诺诺:有你真好."
Chapter1_xinwu_wohenzaiyi_3RE3,"诺诺顺势亲了子澈一下.子澈愣了一下,脸红的看着他."
Chapter1_xinwu_wohenzaiyi_I2CV,"子澈把诺诺拉了过来,正对着他,吻了上去."
Chapter1_xinwu_wohenzaiyi_VSFQ,"说这个话可不是平时你的性格呀！"
Chapter1_xinwu_wohenzaiyi_5I1R,"诺诺:你在说什么呀,平时怎么了?"
Chapter1_xinwu_wohenzaiyi_YQI7,"子澈又开始给诺诺讲阶级,平等的事."
Chapter1_xinwu_wohenzaiyi_5840,"诺诺:够了,你这样有点烦."
Chapter1_xinwu_xiaoyouxi_ZGTS,"一颗颗的烟花升空,在天幕中绽放."
Chapter1_xinwu_xiaoyouxi_TIME,"夜市的中心似乎搭建了一个简易的游乐场."
Chapter1_xinwu_xiaoyouxi_SUF0,"烟花就是从那里升起的。"
Chapter1_xinwu_xiaoyouxi_OD3Q,"那里开设着各式各样游戏的摊位"
Chapter1_xinwu_xiaoyouxi_HAN8,"摊位之中他们看到了熟悉的身影."
Chapter1_xinwu_xiaoyouxi_V3OJ,"阿萨汶:快点快点,这次决不能输"
Chapter1_xinwu_xiaoyouxi_FKU4,"两人看到阿萨汶在一个游戏的台子前坐着."
Chapter1_xinwu_xiaoyouxi_H35O,"游戏是一个拉卷纱的游戏,游戏规则很简单"
Chapter1_xinwu_xiaoyouxi_SLL4,"就是看谁在最短的时间内把卷纱拉完."
Chapter1_xinwu_xiaoyouxi_JU5V,"卷纱的上面有细微的孔洞,你越用力这卷纱就越容易断掉.断掉就算失败."
Chapter1_xinwu_xiaoyouxi_ZQ6T,"这个游戏不能用蛮劲去拉."
Chapter1_xinwu_xiaoyouxi_REH5,"看着阿萨汶粗壮的手臂,和旁边一卷卷断开的卷纱."
Chapter1_xinwu_xiaoyouxi_YQ8O,"可想而知,这个游戏并不适合他."
Chapter1_xinwu_xiaoyouxi_1B7B,"两人走上前站在他后面."
Chapter1_xinwu_xiaoyouxi_3J6L,"诺诺:阿萨汶？"
Chapter1_xinwu_xiaoyouxi_AMU5,"只见诺诺一拍他,阿萨汶的卷纱也断掉了."
Chapter1_xinwu_xiaoyouxi_ZMOW,"阿萨汶:哎呀！"
Chapter1_xinwu_xiaoyouxi_V7Q0,"阿萨汶:谁呀,俺这么认真的一次,就给俺毁掉了"
Chapter1_xinwu_xiaoyouxi_H2BN,"阿萨汶回过头来坎肩子澈和诺诺"
Chapter1_xinwu_xiaoyouxi_F06B,"阿萨汶:子澈,诺诺,你们怎么在这里."
Chapter1_xinwu_xiaoyouxi_V35D,"我陪诺诺来这里散心"
Chapter1_xinwu_xiaoyouxi_36YT,"诺诺陪我来这里散心"
Chapter1_xinwu_xiaoyouxi_02OY,"老师让我来找你去上课"
Chapter1_xinwu_xiaoyouxi_VLVJ,"我们这就回去了"
Chapter1_xinwu_wopeinonolaizhelisanxin_7K4W,"子澈把诺诺因为被乐平戏耍了,而且没拿到王子的信物的事跟阿萨汶说了一遍."
Chapter1_xinwu_wopeinonolaizhelisanxin_IQLR,"说自己来这里陪诺诺走走,怕他郁闷... ..."
Chapter1_xinwu_wopeinonolaizhelisanxin_QIYT,"诺诺涨红了脸"
Chapter1_xinwu_wopeinonolaizhelisanxin_ASOL,"诺诺:谁用你陪... ...你个大嘴巴！"
Chapter1_xinwu_wopeinonolaizhelisanxin_06WD,"诺诺生气的走了！"
Chapter1_xinwu_wopeinonolaizhelisanxin_F2PG,"恭喜你获得成就直男."
Chapter1_xinwu_nonolaizhelipeiwosanxin_8VPM,"子澈说自己这次体术没考好有些郁闷,诺诺陪自己来散心"
Chapter1_xinwu_nonolaizhelipeiwosanxin_CN60,"阿萨汶:体术不好你就应该多去健身房锻炼,而不是在这边瞎郁闷"
Chapter1_xinwu_nonolaizhelipeiwosanxin_FF4T,"阿萨汶:以后只要你找俺,俺都陪你去健身房."
Chapter1_xinwu_nonolaizhelipeiwosanxin_II8M,"阿萨汶:还有诺诺你俩什么时候关系这么好了."
Chapter1_xinwu_nonolaizhelipeiwosanxin_YN7M,"诺诺:我俩... ...关系一直都挺...好的."
Chapter1_xinwu_nonolaizhelipeiwosanxin_OHCZ,"阿萨汶:是吗?真叫人羡慕!"
Chapter1_xinwu_nonolaizhelipeiwosanxin_04CS,"阿萨汶:子澈你要不要试一下这个游戏.拉完的有奖品呦"
Chapter1_xinwu_nonolaizhelipeiwosanxin_5HBZ,"诺诺:你就不能用拽么非要用那么粗俗的词汇吗？"
Chapter1_xinwu_nonolaizhelipeiwosanxin_3UEN,"阿萨汶:诺诺你要玩吗?"
Chapter1_xinwu_nonolaizhelipeiwosanxin_0EB0,"诺诺:不玩,谁玩这么低级的东西."
Chapter1_xinwu_nonolaizhelipeiwosanxin_GYKJ,"诺诺嘴上说着不玩,眼镜却盯着奖品"
Chapter1_xinwu_nonolaizhelipeiwosanxin_DO3H,"子澈看着诺诺的表情,肯定的点了点头."
Chapter1_xinwu_nonolaizhelipeiwosanxin_4I06,"松开拉着诺诺的手坐在台子前."
Chapter1_xinwu_win1_UWAT,"老板:恭喜你同学，这是你的奖品。"
Chapter1_xinwu_win1_H8K0,"诺诺:子澈你好棒。"
Chapter1_xinwu_win1_B226,"阿萨汶:哇哦！！"
Chapter1_xinwu_win1_R500,"老板把摊位上最大的玩具熊递给了子澈"
Chapter1_xinwu_win1_C03G,"把奖品给诺诺"
Chapter1_xinwu_win1_B89A,"诺诺:这个是给我的么。"
Chapter1_xinwu_win1_9GF8,"阿萨汶:俺也想要！为啥不给俺"
Chapter1_xinwu_win1_K2NW,"诺诺:因为我们两个最好了！"
Chapter1_xinwu_win1_S8UD,"阿萨汶:切。"
Chapter1_xinwu_win1_8L8R,"把奖品给阿萨汶"
Chapter1_xinwu_win1_RXX1,"阿萨汶:给俺吗？"
Chapter1_xinwu_win1_MFOP,"诺诺:... ..."
Chapter1_xinwu_win1_03V3,"阿萨汶:子澈心里是有俺的"
Chapter1_xinwu_win1_WVD5,"阿萨汶抱起了子澈。脸贴脸的蹭着。"
Chapter1_xinwu_win1_TJYI,"诺诺:也是够了... ..."
Chapter1_xinwu_lost1_RUO9,"老板:不要气馁呀。"
Chapter1_xinwu_lost1_AIK2,"老板:再来一次吗？"
Chapter1_xinwu_lost1_SN3U,"好！这次一定可以"
Chapter1_xinwu_lost1_NMGY,"不了，还是算了.."
Chapter1_xinwu_lost1_M0MH,"阿萨汶:俺就说很难吧。"
Chapter1_xinwu_lost1_4LK5,"诺诺:... ..."
Chapter1_xinwu_lost1_0FCY,"诺诺还是盯着奖品"
Chapter1_xinwu_lost1_DCFD,"子澈推着两人离开了游戏摊位"
Chapter1_xinwu_laosirangwolaizhaoniqushangke_T6V7,"老师叫我们来找你的."
Chapter1_xinwu_laosirangwolaizhaoniqushangke_P049,"阿萨汶:啥？真的么？"
Chapter1_xinwu_laosirangwolaizhaoniqushangke_W8MW,"诺诺:真的,快去吧"
Chapter1_xinwu_laosirangwolaizhaoniqushangke_46EJ,"阿萨汶:那俺先走了,告辞"
Chapter1_xinwu_laosirangwolaizhaoniqushangke_GBKZ,"子澈和诺诺看着阿萨汶慌张离去的背影相视而笑."
Chapter1_xinwu_womenzhejiuhuiqule_XHP0,"阿萨汶:那好那我们一起走吧"
Chapter1_xinwu_womenzhejiuhuiqule_TNQZ,"诺诺:... ..."
Chapter1_xinwu_womenzhejiuhuiqule_AOOA,"阿萨汶:诺诺也逃课,这可不像你呀."
Chapter1_xinwu_womenzhejiuhuiqule_6KBQ,"诺诺:... ..."
Chapter1_xinwu_womenzhejiuhuiqule_QM92,"阿萨汶:诺诺你变了.哈哈哈哈"
Chapter1_xinwu_womenzhejiuhuiqule_WKM0,"诺诺:快闭嘴吧,你不说话没人当你是哑巴."
Chapter1_xinwu_womenzhejiuhuiqule_SFNU,"阿萨汶:不错不错,诺诺你是不是喜欢子澈呀"
Chapter1_xinwu_womenzhejiuhuiqule_FYVP,"阿萨汶:居然和俺喜欢同一个男人,证明俺的眼光很不错哟"
Chapter1_xinwu_womenzhejiuhuiqule_M45A,"诺诺:你这个语法,应该是,我的眼光很不错... ..."
Chapter1_xinwu_womenzhejiuhuiqule_XDDX,"诺诺意识到什么,脸烧烧的.阿萨汶却哈哈大笑起来推了推子澈,子澈红着脸摇摇头."
Chapter1_xinwu_nonohuiyi_SGRU,"诺诺:我们回去吧,有点晚了."
Chapter1_xinwu_nonohuiyi_P34K,"诺诺:子澈."
Chapter1_xinwu_nonohuiyi_7665,"诺诺:今天的事情要替我保密呀."
Chapter1_xinwu_nonohuiyi_7B5G,"子澈愣了愣"
Chapter1_xinwu_nonohuiyi_4Q9Q,"诺诺:就是今天来这里的事情,要是让乐平他们知道,会嘲笑我的"
Chapter1_xinwu_nonohuiyi_OWRI,"微笑点点头"
Chapter1_xinwu_nonohuiyi_U43V,"诺诺:谢谢,子澈.那个这个给你吧"
Chapter1_xinwu_nonohuiyi_CTT0,"诺诺从兜里拿出一个小熊的吊坠."
Chapter1_xinwu_nonohuiyi_J68I,"诺诺:就...算是... ...我的谢礼."
Chapter1_xinwu_nonohuiyi_ZT4S,"说完诺诺主动牵起子澈的手."
Chapter1_xinwu_hongguang_VB1S,"一阵刺耳的尖啸声过后,一道红光直冲云霄,"
Chapter1_xinwu_hongguang_AGKH,"整个大地都在摇晃.隐隐的能听见炁术爆炸的声音."
Chapter1_xinwu_hongguang_4YJK,"诺诺:那个方向,"
Chapter1_xinwu_hongguang_SHYF,"诺诺:是中心广场？"
Chapter1_xinwu_hongguang_PKC6,"诺诺:子澈"
Chapter1_xinwu_hongguang_RKPO,"诺诺:我们去看看."
Chapter1_xinwu_15miao_PJOA,"毗罗陀:子澈你看到诺诺了没？"
Chapter1_xinwu_15miao_84UG,"毗罗陀:怎么是这样,又和乐平吵起来了."
Chapter1_xinwu_15miao_2M63,"毗罗陀:看来以后不能找乐平帮忙了."
Chapter1_xinwu_15miao_5GQ0,"毗罗陀:先不管他了。"
Chapter1_xinwu_15miao_L4CM,"毗罗陀:现在有个急事。"
Chapter1_xinwu_15miao_K9YZ,"毗罗陀:还请子澈阁下请先跟我来."
Chapter1_xinwu_15miao_18ZN,"毗罗陀不等子澈回答就牵起子澈的手."
Chapter1_xinwu_15miao_JT5A,"下楼,走出了子澈的宿舍楼."
Chapter1_xinwu_15miao_9CW0,"金黄的夕阳晃得子澈睁不开眼睛.子澈被拉着往前走着"
Chapter1_xinwu_15miao_FU43,"天上传来鸽哨的声音,啪的一声一只玩具熊摔在他两人脚边."
Chapter1_xinwu_15miao_YI87,"子澈向上望去,除了飞散的鸽子就剩空荡天空."
Chapter1_xinwu_15miao_C4CX,"毗罗陀:学院比我们想象的大得多."
Chapter1_xinwu_15miao_AWZ0,"毗罗陀:寝室，教学楼，操场，图书馆等等这些学生会使用的地方。"
Chapter1_xinwu_15miao_YEFP,"毗罗陀:其实只是其中的一小部分。"
Chapter1_xinwu_15miao_EDPN,"毗罗陀:有很多没有使用的地方."
Chapter1_xinwu_15miao_ND72,"毗罗陀:也有很多属于各位老师们独有的空间。"
Chapter1_xinwu_15miao_EZXJ,"毗罗陀:子澈阁下,我带你去个地方."
Chapter1_xinwu_15miao_8Q7P,"两人穿行在校园之间,操场,灌木林渐渐的离开子澈熟悉的地方.大概走了20分钟"
Chapter1_xinwu_15miao_P0AR,"两人来到一道低矮的土墙旁边."
Chapter1_xinwu_15miao_9ZUQ,"两人手一撑,越过土墙,土墙的后面是一片起伏的丘陵."
Chapter1_xinwu_15miao_91BS,"毗罗陀:子澈阁下,就在那里了."
Chapter1_xinwu_15miao_BMZV,"子澈顺着毗罗陀手指的方向看过去,那边有一片金色的麦田."
Chapter1_xinwu_15miao_8R08,"麦田中心有座低矮的屋舍."
Chapter1_xinwu_15miao_GLMK,"毗罗陀拉着子澈走向屋舍,推门进去."
Chapter1_xinwu_15miao_9DTB,"毗罗陀:这部片便是属于比约恩老师的。"
Chapter1_xinwu_15miao_0L9C,"毗罗陀:他在这边种了很多小麦。还有一篇隐藏的花田。"
Chapter1_xinwu_15miao_0A3V,"毗罗陀:子澈阁下.请你帮我个忙."
Chapter1_xinwu_15miao_JPSG,"毗罗陀:请先换这件衣服。"
Chapter1_xinwu_15miao_OCX3,"拿出另一套递给了子澈."
Chapter1_xinwu_15miao_UVVY,"子澈点点头."
Chapter1_xinwu_15miao_X2AJ,"这衣服看上去像一只硕大的蜜蜂."
Chapter1_xinwu_15miao_3SMF,"毗罗陀:这块土地被比约恩老师施了炁术,只有穿成这样才能看到."
Chapter1_xinwu_15miao_8FEQ,"两人看着镜子里的对方,哈哈大笑起来"
Chapter1_xinwu_15miao_3XGZ,"毗罗陀:这是老师的恶趣味... ..."
Chapter1_xinwu_15miao_IFQE,"两人走出小屋子,面对金色的麦田,毗罗陀念叨着解术的祝词"
Chapter1_xinwu_15miao_PZQ8,"蜜蜂蜜蜂嗡嗡..嗡嗡蜂蜜蜂蜜... ..."
Chapter1_xinwu_15miao_SRBQ,"祝词完毕瞬间一条虚幻的楼梯出现在两人眼前,毗罗陀牵着子澈的手一步步走了上去."
Chapter1_xinwu_15miao_TSGB,"没多久便有一片花田出现在子澈面前.来到最中心的一块"
Chapter1_xinwu_15miao_RSE6,"这片花田不大,有几朵顶着硕大花苞的植物."
Chapter1_xinwu_15miao_AHLR,"毗罗陀:这是老家那边一种花,只有在水量充足且夕阳的照耀下才会开放."
Chapter1_xinwu_15miao_7PJU,"子澈好奇的点点头."
Chapter1_xinwu_15miao_JH4G,"毗罗陀:这种花必须要一边浇水一边采摘,要不会立刻失去特性,所以需要两个人同时采摘才行."
Chapter1_xinwu_15miao_AZ57,"毗罗陀:我准备开始浇水了,等他们开的时候就用剪刀摘下来."
Chapter1_xinwu_15miao_OFC5,"子澈点了点头"
Chapter1_xinwu_15miao_X09S,"子澈剪下最大的三朵花,夕阳的映射下,七彩的颜色在花朵上流转.转身交给了毗罗陀."
Chapter1_xinwu_15miao_BJ88,"毗罗陀:真的是感谢子澈阁下."
Chapter1_xinwu_15miao_7Z1C,"毗罗陀:接下来。"
Chapter1_xinwu_15miao_FZEO,"毗罗陀:在下还有件事也要请子澈阁下帮忙."
Chapter1_xinwu_15miao_07JY,"毗罗陀拉着子澈回到小屋.脱去帽子和上衣"
Chapter1_xinwu_15miao_TBJ0,"见毗罗陀露出坚实的肌肉,还有微胖的肚子."
Chapter1_xinwu_15miao_O0A0,"夕阳透过屋顶的缝隙形成斑驳的光影照在他古铜色的皮肤上.子澈咽了咽口水."
Chapter1_xinwu_15miao_G94F,"毗罗陀把这三朵花碾碎做成了药剂."
Chapter1_xinwu_15miao_36XK,"毗罗陀:这花在我们那叫mantra,我们叫它曼陀罗.."
Chapter1_xinwu_15miao_9YKK,"毗罗陀:曼陀罗有毒性,能抑制我体内的那个东西.今晚就是15日了,不想再放那个东西出来伤害别人了."
Chapter1_xinwu_15miao_PLR9,"毗罗陀:我想请您帮我听一下心跳.如果心跳过快那个家伙有复苏的迹象。"
Chapter1_xinwu_15miao_VOWZ,"毗罗陀:就请您把剩下的两只打入我的身体."
Chapter1_xinwu_15miao_UGT6,"毗罗陀:所以需要子澈阁下在这个小屋子里陪我过一夜."
Chapter1_xinwu_15miao_VFWM,"毗罗陀:可以吗."
Chapter1_xinwu_15miao_H8NK,"子澈脸红而又诧异的看着他,毗罗陀把两针曼陀罗试剂交给了子澈"
Chapter1_xinwu_15miao_A4J6,"毗罗陀:就像上次那样就可以."
Chapter1_xinwu_15miao_960A,"毗罗陀注射了一针曼陀罗药剂,走向简易的床铺,躺了下去."
Chapter1_xinwu_15miao_1778,"子澈也害羞的走了过去,躺在毗罗陀的身边.困倦的毗罗陀一把抱住子澈.喃喃的说着"
Chapter1_xinwu_15miao_BAU8,"毗罗陀:有你在... ...真的太好了,这样... ...我就不.. ...用把自己绑起来了"
Chapter1_xinwu_15miao_LMHA,"子澈害羞看着熟睡的毗罗陀.心砰砰的跳着."
Chapter1_xinwu_15miao_5UYM,"他能感受到毗罗陀呼吸,两人的脸近在咫尺."
Chapter1_xinwu_15miao_7QLJ,"抱住他,亲他"
Chapter1_xinwu_15miao_77CG,"子澈轻轻的抚摸着毗罗陀,光滑的皮肤的触感,在他心中荡漾。"
Chapter1_xinwu_15miao_PT6B,"俊俏的脸旁,性感的嘴唇和胡须让他意乱神迷."
Chapter1_xinwu_15miao_XTZY,"他抚摸着毗罗的脸庞,情不自禁的吻了上去."
Chapter1_xinwu_15miao_Q8AH,"毗罗陀睡梦中喃喃的说着什么."
Chapter1_xinwu_15miao_3Q51,"子澈抱住毗罗陀,他把耳朵贴在毗罗陀的胸膛上,伴着强壮又稳定的心跳声子澈也渐渐睡去"
Chapter1_xinwu_15miao_1WRN,"把他推到一边"
Chapter1_xinwu_15miao_G3S4,"子澈轻轻的抚摸着毗罗陀,光滑的皮肤的触感,在他心中荡漾。"
Chapter1_xinwu_15miao_SX04,"俊俏的脸旁,性感的嘴唇和胡须让他意乱神迷."
Chapter1_xinwu_15miao_3OO0,"子澈一把推卡毗罗陀,平躺在哪里平复自己的心跳."
Chapter1_xinwu_15miao_G8Z2,"子澈坐了起来看向熟睡的毗罗陀."
Chapter1_xinwu_15miao_9CPY,"夕阳的余光洒在毗罗陀的结实胸膛上,把他古铜色的皮肤,映的金灿灿的."
Chapter1_xinwu_15miao_NBW1,"子澈俯下身趴在毗罗陀的身上,把耳朵贴在毗罗陀的胸膛上,伴着强壮又稳定的心跳声子澈也渐渐睡去"
Chapter1_xinwu_yincangjieju_DWCP,"子澈的耳边传来毗罗陀急促的心跳声."
Chapter1_xinwu_yincangjieju_IZPB,"子澈惊醒过来,发现毗罗陀痛苦的扭曲着。"
Chapter1_xinwu_yincangjieju_I2NN,"身体开始有的劣化的现象,毛发疯狂的生长,身体也开始逐渐扭曲成野兽的样子."
Chapter1_xinwu_yincangjieju_UD2V,"混乱中子澈将一针注射到毗罗陀的体内"
Chapter1_xinwu_yincangjieju_LVD1,"毗罗陀劣化的身子慢慢停下了,渐渐恢复到原来的样子."
Chapter1_xinwu_yincangjieju_07PL,"安抚好毗罗陀.子澈穿好衣服,走到了外面."
Chapter1_xinwu_yincangjieju_TOYY,"推看门便看到一道红光直冲云霄."
Chapter1_xinwu_yincangjieju_TFQJ,"哪个方向正是学校的中心广场。"
Chapter1_xinwu_yincangjieju_BU2W,"突然地面开始剧烈抖动颤抖"
Chapter1_xinwu_yincangjieju_QHB7,"子澈回头发现，床铺上方天花板出现了一个破洞。破碎的木板掉了下来。"
Chapter1_xinwu_yincangjieju_42OP,"屋外红色的光照在空荡荡的床上."
Chapter1_xinwu_yincangjieju_UYJT,"毗罗陀消失在一片红光之中。"
Chapter1_xinwu_lepingcg_5ZU5,"呼喊的声音."
Chapter1_xinwu_lepingcg_R48G,"哭声,喊声,咆哮声"
Chapter1_xinwu_lepingcg_FEQL,"枪声,炮声"
Chapter1_xinwu_lepingcg_FRQ8,"炁流法术的爆炸的声音"
Chapter1_xinwu_lepingcg_F83E,"轰隆隆的传进耳朵."
Chapter1_xinwu_lepingcg_B6UK,"浑浑噩噩的"
Chapter1_xinwu_lepingcg_0GE3,"混混沌沌的"
Chapter1_xinwu_lepingcg_Z5D0,"子澈感觉四周一片黑暗,脚下一空便向下方坠落下去,无尽的黑暗吞噬了他"
Chapter1_xinwu_lepingcg_37DK,"一声尖叫声由远及近的传来,子澈循声望去看见乐平以极快的速度坠落下来,"
Chapter1_xinwu_lepingcg_BSJ1,"子澈想伸手拉住他但是两人擦肩而过,"
Chapter1_xinwu_lepingcg_U0GD,"子澈看见乐平惊恐的表情"
Chapter1_xinwu_lepingcg_LLPI,"扑通一声乐平摔进了水了.子澈却在接触水面前停了下来."
Chapter1_xinwu_lepingcg_8WFB,"乐平:谁来帮帮我."
Chapter1_xinwu_lepingcg_VDCR,"乐平伸手求助着.四周水面上长出黑色的莲花,越来越茂盛,似乎要将他吞没了"
Chapter1_xinwu_lepingcg_VVLH,"伸手去救他"
Chapter1_xinwu_lepingcg_E6F8,"子澈像乐平伸出手,刚刚抓住乐平的手,但是一股奇妙的力量又将两人分开"
Chapter1_xinwu_lepingcg_OZJQ,"乐平:别,别撒手"
Chapter1_xinwu_lepingcg_HNDS,"乐平:谁能救救我,"
Chapter1_xinwu_lepingcg_8XQW,"乐平？我.....坚持不住了."
Chapter1_xinwu_lepingcg_WX1R,"乐平:不对.这.不对."
Chapter1_xinwu_lepingcg_LA26,"乐平嘴里念叨着."
Chapter1_xinwu_lepingcg_MGCP,"乐平:醒过来,醒过来,醒过来,醒过来,醒过来,醒过来,醒过来,醒过来,醒过来,醒过来,醒过来,醒过来,醒过来,醒过来,醒过来,醒过来"
Chapter1_xinwu_lepingcg2_6MFB,"乐平:还是那个梦..."
Chapter1_xinwu_lepingcg2_PE38,"乐平:最近总是做这个梦,也不知道这是咋的了."
Chapter1_xinwu_lepingcg2_MUTM,"乐平:是因为点啥呢."
Chapter1_xinwu_lepingcg2_TDQ5,"乐平:....."
Chapter1_xinwu_lepingcg2_DN4X,"早饭过后,乐平躺在客厅的沙发上,手里拿着那信封."
Chapter1_xinwu_lepingcg2_D4X0,"他再次的打开,把信件拿了出来."
Chapter1_xinwu_lepingcg2_6TS8,"“清明节,来王屋山,南亭找我.”"
Chapter1_xinwu_lepingcg2_96LH,"除了这几行字,就剩下一个纯白的信封."
Chapter1_xinwu_lepingcg2_CGAI,"笔迹看上去既陌生又熟悉..."
Chapter1_xinwu_lepingcg2_VQK2,"乐平:明天就是清明节了,好烦呀."
Chapter1_xinwu_lepingcg2_PVTO,"乐平:我一共就三天假期,来回一趟还要请一天假真的好烦。"
Chapter1_xinwu_lepingcg2_BKGR,"乐平翻来覆去的摆弄着那封信."
Chapter1_xinwu_lepingcg2_XT3E,"也没有用任何异常之处。"
Chapter1_xinwu_lepingcg2_6MVJ,"乐平:什么年代了,发个信息打个电话不好么？"
Chapter1_xinwu_lepingcg2_ZLMZ,"乐平:非要写封信.. ..神神秘秘的."
Chapter1_xinwu_lepingcg2_HKW1,"乐平:哎..算了..."
Chapter1_xinwu_lepingcg2_ORZ5,"乐平:去不去呢，真纠结呀！"
Chapter1_xinwu_lepingcg2_G5U3,"乐平:7车11...这里"
Chapter1_xinwu_lepingcg2_MJK5,"阳光透过车窗照了进来,照在乐平的身上暖洋洋的."
Chapter1_xinwu_lepingcg2_KDNI,"乐平伸手去感受阳光的暖意,似乎像是想抓住梦里的手"
Chapter1_xinwu_lepingcg2_057U,"乐平看向窗外，美丽的景色在身边掠过"
Chapter1_xinwu_lepingcg2_PFGP,"难得的假期... ..."
Chapter1_xinwu_lepingcg2_1ADG,"他享受着这少有的惬意."
Chapter1_xinwu_lepingcg2_3WCW,"老板:您好,欢迎光临“兽屿研究所”山脚旅馆。"
Chapter1_xinwu_lepingcg2_5238,"老板:我是这里的老板，您可以叫我吨吨。"
Chapter1_xinwu_lepingcg2_T0HO,"乐平:您好,我预定了房间,尾号是3177您查一下"
Chapter1_xinwu_lepingcg2_F6FI,"吨吨:好的,这就给您查一下"
Chapter1_xinwu_lepingcg2_Z559,"吨吨:查到了预定信息,这是您房间门卡."
Chapter1_xinwu_lepingcg2_I1BD,"吨吨:3楼306房间.有什么事直接找我就好."
Chapter1_xinwu_lepingcg2_CVLT,"乐平:好的,吨吨.那麻烦给我送一份晚餐."
Chapter1_xinwu_lepingcg2_W6R1,"吨吨:好的.祝您入住愉快."
Chapter1_xinwu_lepingcg2_RXC5,"乐平:房间还不错哦."
Chapter1_xinwu_lepingcg2_TEXR,"乐平:折腾这一趟...累死了.. ..."
Chapter1_xinwu_lepingcg2_PT8W,"乐平打开窗子,山风吹了进来。"
Chapter1_xinwu_lepingcg2_AOW9,"惬意的凉风夹杂着湿润新鲜的空气。"
Chapter1_xinwu_lepingcg2_1LLX,"乐平感觉顿时，疲累感消失了一半。"
Chapter1_xinwu_lepingcg2_BWGF,"没多久吨吨便为他送来晚餐和饮料."
Chapter1_xinwu_lepingcg2_5CYD,"吨吨:用餐愉快,乐平"
Chapter1_xinwu_lepingcg2_JBIU,"乐平:谢谢,吨吨."
Chapter1_xinwu_lepingcg2_LS1K,"吃过晚饭。"
Chapter1_xinwu_lepingcg2_TF3Y,"乐平洗了澡,准备好好睡一觉"
Chapter1_xinwu_lepingcg2_YT0V,"呼喊的声音."
Chapter1_xinwu_lepingcg2_96NE,"哭声,喊声,咆哮声"
Chapter1_xinwu_lepingcg2_ZH9I,"枪声,炮声"
Chapter1_xinwu_lepingcg2_0CY5,"炁流法术的爆炸的声音"
Chapter1_xinwu_lepingcg2_SBPT,"轰隆隆的传进耳朵."
Chapter1_xinwu_lepingcg2_I98D,"浑浑噩噩的"
Chapter1_xinwu_lepingcg2_URUT,"混混沌沌的"
Chapter1_xinwu_lepingcg2_KVBM,"四周浓雾开始弥漫无数的莲花盛开,乐平淹没在这窒息的雾气里."
Chapter1_xinwu_lepingcg2_4AN4,"乐平再一次勉强伸出手,内心呼救着"
Chapter1_xinwu_lepingcg2_UXWK,"乐平:我快不能呼吸了..."
Chapter1_xinwu_lepingcg2_JD38,"乐平关掉闹钟.起床洗漱一下."
Chapter1_xinwu_lepingcg2_VBIN,"今天的天气不是很好，乌云密布，空气中夹杂着湿润的潮气"
Chapter1_xinwu_lepingcg2_C66S,"乐平吃过早餐后向南亭出发."
Chapter1_xinwu_lepingcg2_7ALK,"走了一段山路，四周开始被水气笼罩。"
Chapter1_xinwu_lepingcg2_33ZK,"天也阴阴的,没多久便下起雨来。"
Chapter1_xinwu_lepingcg2_IL9H,"四周是青翠茂密的竹林."
Chapter1_xinwu_lepingcg2_XXRZ,"幸运的是山路早被人铺上防滑的道路."
Chapter1_xinwu_lepingcg2_KWFC,"拐了几道弯,看见了南亭的指示牌."
Chapter1_xinwu_lepingcg2_RV36,"渐渐的雨停了下来,穿过竹林,视线豁然开朗,"
Chapter1_xinwu_lepingcg2_4MA7,"远远的他看见一座亭子伫立在悬崖边上."
Chapter1_xinwu_lepingcg2_X564,"亭子被雾气围绕着.烟雨蒙蒙间亦真亦幻."
Chapter1_xinwu_lepingcg2_D1IL,"乐平:有人吗？？"
Chapter1_xinwu_lepingcg2_4DAP,"山上回荡着乐平的声音"
Chapter1_xinwu_lepingcg2_ZSFT,"乐平:.... 果然.没人来."
Chapter1_xinwu_lepingcg2_ZN7M,"乐平:一封幺蛾子信给我整这么远！"
Chapter1_xinwu_lepingcg2_FIGM,"乐平:这也太嘚儿了吧."
Chapter1_xinwu_lepingcg2_YXGS,"卸下背包,坐了下来.四周的雾气更加浓重了,外面什么都看不见了."
Chapter1_xinwu_lepingcg2_WAQP,"整个南亭就像被厚重的棉被裹住一样,停柱之间就像是用雾气砌起了墙一般."
Chapter1_xinwu_lepingcg2_RG27,"呼喊的声音."
Chapter1_xinwu_lepingcg2_T1JU,"哭声,喊声,咆哮声"
Chapter1_xinwu_lepingcg2_C7YP,"枪声,炮声"
Chapter1_xinwu_lepingcg2_4C0O,"炁流法术的爆炸的声音"
Chapter1_xinwu_lepingcg2_Q381,"轰隆隆的传进耳朵.乐平堵住耳朵,这些跟梦里一样的声音不停的回荡着"
Chapter1_xinwu_lepingcg2_GMC8,"那些声音越来越近了！越来越大,越来越清晰,怪物的嘶吼,人们的惨叫声.."
Chapter1_xinwu_lepingcg2_0TA3,"四周的雾气也窜了进来,隐约的乐平看见雾气里开着一朵朵的莲花..."
Chapter1_xinwu_lepingcg2_F64R,"那种梦里才有的恐惧和无助感蔓延全身."
Chapter1_xinwu_lepingcg2_HBSN,"他甚至能听见刀割破衣服、皮肤的声音,怪物割开人类喉管时发出的呜咽喘息声."
Chapter1_xinwu_lepingcg2_18WX,"子弹射进身体时迸溅血液,肢体破碎的声音... ..."
Chapter1_xinwu_lepingcg2_5PY2,"这些声音越来越真实.越来越真切."
Chapter1_xinwu_lepingcg2_BRK7,"乐平害怕极了,他蜷缩在角落里,闭上眼睛捂上了耳朵,"
Chapter1_xinwu_lepingcg2_LMBL,"可这些声音并没有因为捂上耳朵而减少."
Chapter1_xinwu_lepingcg2_CQY9,"猛猛的灌了进来"
Chapter1_xinwu_lepingcg2_M9TZ,"那雾气如同倒塌的墙向他压了过来,盛开着白色的花,裹挟着那些恐怖的噪音."
Chapter1_xinwu_lepingcg2_P2UI,"乐平:醒过来,醒过来,醒过来,醒过来,醒过来,醒过来,醒过来,醒过来,醒过来,醒过来,醒过来,醒过来,醒过来,醒过来,醒过来,"
Chapter1_xinwu_lepingcg2_WI7L,"乐平:醒过来,醒过来,醒过来,醒过来,醒过来,醒过来,醒过来,醒过来,醒过来,醒过来,醒过来,醒过来,醒过来,醒过来,醒过来。"
Chapter1_xinwu_lepingcg2_Z6D2,"乐平:醒过来,醒过来,醒过来,醒过来,醒过来,醒过来,醒过来,醒过来,醒过来,醒过来,醒过来,醒过来,醒过来,醒过来,醒过来，"
Chapter1_xinwu_lepingcg2_9KQL,"乐平:醒过来,醒过来,醒过来,醒过来,醒过来,醒过来,醒过来,醒过来,醒过来,醒过来,醒过来,醒过来,醒过来,醒过来,醒过来."
Chapter1_xinwu_lepingcg2_NUQ8,"乐平:... ..."
Chapter1_xinwu_lepingcg2_Y38I,"乐平:快不能,呼吸,呼吸,了......"
Chapter1_xinwu_lepingcg2_HXD5,"？？？:乐平,你在干什么呢？"
Chapter1_xinwu_lepingcg2_8QRB,"面前突然出现一个人,黝黑的皮肤,络腮胡,笑眯眯的,手紧紧握住乐平的手."
Chapter1_xinwu_lepingcg2_T8EA,"？？？:这是什么新颖的握手方式吗？"
Chapter1_xinwu_lepingcg2_VDI7,"乐平:啊..啊啊..不是"
Chapter1_xinwu_lepingcg2_4VWH,"回过神的乐平发现自从这个人出现,四周可怕的声音,和那些莲花都消失了"
Chapter1_xinwu_lepingcg2_FD18,"？？？:你好乐平,好久不见了,."
Chapter1_xinwu_lepingcg2_DFMK,"乐平:你是？"
Chapter1_xinwu_lepingcg2_AWKN,"？？？:哈哈哈,不记得也正常.上次见你的时候,你还是个小婴儿呢"
Chapter1_xinwu_lepingcg2_8LB7,"？？？:我是你的干爹,我叫白牧野.牧野太学的校长"
Chapter1_xinwu_lepingcg2_PX11,"乐平震惊的一下子站了起来."
Chapter1_xinwu_lepingcg2_VCA8,"乐平:哈？"
Chapter1_xinwu_lepingcg2_N61A,"乐平:干爹？什么时候的事情?我怎么不知道？"
Chapter1_xinwu_lepingcg2_WWK1,"白牧野:就现在呀."
Chapter1_xinwu_lepingcg2_8X1J,"乐平:啥？你这不是扯犊子呢吗？能靠谱点嘛？"
Chapter1_xinwu_lepingcg2_XTGY,"白牧野:是么？我没觉得不靠谱.哈哈哈哈哈"
Chapter1_xinwu_lepingcg2_I4GF,"白牧野:我和你爸是好兄弟.你光屁股时候就这么定好的."
Chapter1_xinwu_lepingcg2_ECJ6,"乐平:对不起哈,11岁那年有场事故,小时候的事情根本记不得了.我甚至快不记得我爸是谁了."
Chapter1_xinwu_lepingcg2_RIAS,"乐平:再说了,这种地方出现个怪老头."
Chapter1_xinwu_lepingcg2_S19F,"乐平:一上来就说自己是我干爹,还是个大人物.换你你信么？"
Chapter1_xinwu_lepingcg2_GV1F,"乐平:我看你更像个诈骗的."
Chapter1_xinwu_lepingcg2_XJUY,"白牧野:哈哈哈,我能咋骗你啥？骗色吗？哈哈哈"
Chapter1_xinwu_lepingcg2_N4PL,"乐平:谁知道呢,万一你想把我拐卖了打黑拳呢？"
Chapter1_xinwu_lepingcg2_MHZX,"白牧野:哈哈哈哈打黑拳？？哈哈哈哈,就你胖成这样？哈哈哈哈"
Chapter1_xinwu_lepingcg2_XDDT,"白牧野:再说你不是有我给你的信吗？"
Chapter1_xinwu_lepingcg2_4P8P,"乐平:这能说明啥？要笔迹鉴定吗？至少你要证明你是白牧野吧！"
Chapter1_xinwu_lepingcg2_V3TQ,"白牧野:那好证明,给你证明一下我是白牧野"
Chapter1_xinwu_lepingcg2_M7O8,"他缓缓的抬起手来,放在眉心处,闭上了眼睛,面朝着南方."
Chapter1_xinwu_lepingcg2_88QO,"白牧野:你坐好了."
Chapter1_xinwu_lepingcg2_BFY7,"四周的气流开始涌动,慢慢汇聚向白牧野."
Chapter1_xinwu_lepingcg2_83R7,"他突然间睁开眼睛,眼睛中迸溅出一到紫色的光芒。"
Chapter1_xinwu_lepingcg2_UNNZ,"手向前一挥.一阵强劲的炁流呼啸的喷向他手指的方向."
Chapter1_xinwu_lepingcg2_TI7K,"轰的一声击碎了四周的浓雾.持续喷出的气流如同刀剑一般劈开了这混沌。"
Chapter1_xinwu_lepingcg2_WZ90,"呼啸的风卷积着沙石,落叶在乐平的身边刮过,"
Chapter1_xinwu_lepingcg2_6YPC,"乐平感觉感觉整个亭子顶都要被掀翻了."
Chapter1_xinwu_lepingcg2_ASSW,"过了一阵,风停了."
Chapter1_xinwu_lepingcg2_QW7S,"乐平缓缓的睁开了眼睛。"
Chapter1_xinwu_lepingcg2_0OCY,"阳光撒了下来,眼前一片开阔."
Chapter1_xinwu_lepingcg2_ICFO,"天上的云像是被劈开一样."
Chapter1_xinwu_lepingcg2_XG5D,"白牧野:这回你信了吧."
Chapter1_xinwu_lepingcg2_NI44,"乐平:... ..."
Chapter1_xinwu_lepingcg2_92LH,"乐平走了过去远眺着,可以看见八荒平原的全貌,草原上有浪花翻过."
Chapter1_xinwu_lepingcg2_1WJ5,"远远的可以看一座高耸的建筑像白色的山一般伫立在哪里."
Chapter1_xinwu_lepingcg2_GWIX,"白色的围墙与四周的楼房呼应着,五枚金色的园环上下漂浮着."
Chapter1_xinwu_lepingcg2_HNNN,"那边便是牧野太学。"
Chapter1_xinwu_lepingcg2_LFHQ,"白牧野:你去那里找我吧"
Chapter1_xinwu_lepingcg2_F39W,"白牧野:以后就跟着我生活."
Chapter1_xinwu_lepingcg2_5EJ2,"白牧野:这样，<waitfor=1>你就不再是... ...<waitfor=1>孤儿了... ..."
Chapter1_xinwu_nonocg_Z8LN,"毗罗陀:诺诺.是不是快到了！"
Chapter1_xinwu_nonocg_M9OO,"诺诺:... ..."
Chapter1_xinwu_nonocg_GVIR,"毗罗陀:地图上看应该应该到了呀."
Chapter1_xinwu_nonocg_LKD3,"诺诺:王子殿下."
Chapter1_xinwu_nonocg_WHM6,"诺诺:就是说,路痴能不能不要带路呀."
Chapter1_xinwu_nonocg_XCQF,"诺诺:去飞艇镇,前前前前前前路口就应该左转了"
Chapter1_xinwu_nonocg_11MD,"毗罗陀:...哦"
Chapter1_xinwu_nonocg_F51E,"毗罗陀:今天说话怎么这么硬气.哈哈哈哈哈"
Chapter1_xinwu_nonocg_4K0X,"诺诺:殿下,你地图拿反了!"
Chapter1_xinwu_nonocg_GLWR,"毗罗陀:哦是吗?"
Chapter1_xinwu_nonocg_IQPJ,"毗罗陀:那我们掉头回去!"
Chapter1_xinwu_nonocg_LSJX,"诺诺:再往前开吧."
Chapter1_xinwu_nonocg_IQKU,"毗罗陀:为什么呀."
Chapter1_xinwu_nonocg_FUIX,"诺诺:你还有油吗？前面有加油站."
Chapter1_xinwu_nonocg_1TBF,"毗罗陀:这东西还要加油啊!"
Chapter1_xinwu_nonocg_ZH00,"诺诺:你确定不是地主家傻儿子吗？？？？？？"
Chapter1_xinwu_nonocg_7VDJ,"诺诺:... ..."
Chapter1_xinwu_nonocg_EXXU,"毗罗陀:... ...呼噜声"
Chapter1_xinwu_nonocg_NYEB,"诺诺:（站着也能睡着？？？）"
Chapter1_xinwu_nonocg_I67O,"诺诺:殿下..殿下.."
Chapter1_xinwu_nonocg_PR53,"诺诺小声呼唤着."
Chapter1_xinwu_nonocg_QTIQ,"看着睡着的毗罗陀,诺诺的手一点点向下滑着."
Chapter1_xinwu_nonocg_Z369,"诺诺:... ..."
Chapter1_xinwu_nonocg_WH42,"诺诺:那个.我个子矮而且这个杆子有点滑,还有点晃..."
Chapter1_xinwu_nonocg_IEHH,"诺诺:我想握着你的..."
Chapter1_xinwu_nonocg_IZBN,"毗罗陀:那你握这里好了"
Chapter1_xinwu_nonocg_NZKC,"诺诺:.... ...."
Chapter1_xinwu_nonocg_1S0X,"毗罗陀:没事我个子高"
Chapter1_xinwu_nonocg_XWWX,"诺诺:对...对...你高"
Chapter1_xinwu_nonocg_Q6BD,"诺诺:你真的是个笨蛋呀！"
Chapter1_xinwu_nonocg_08AK,"诺诺:有些事...我没有那么在意了..."
Chapter1_xinwu_piluotuocg_908Z,"诺诺:在那里."
Chapter1_xinwu_piluotuocg_GNY3,"诺诺:你等我."
Chapter1_xinwu_piluotuocg_I7HQ,"诺诺:.... ...."
Chapter1_xinwu_piluotuocg_BWXZ,"诺诺:累死了,"
Chapter1_xinwu_piluotuocg_1SM2,"诺诺:我没事,躺会就好了."
Chapter1_xinwu_piluotuocg_S1FZ,"诺诺:这个小家伙... ...还有点蜇手."
Chapter1_xinwu_piluotuocg_3JVM,"诺诺:有点痛"
Chapter1_xinwu_piluotuocg_BCPH,"诺诺:你别闹拉毗罗陀"
Chapter1_xinwu_piluotuocg_19LZ,"诺诺:快放开我啦."
Chapter1_xinwu_piluotuocg_Q2ED,"诺诺:你这是要干嘛,胡子别蹭来蹭去的有点痒."
Chapter1_xinwu_piluotuocg_YF20,"诺诺:哈哈哈哈"
Chapter1_xinwu_piluotuocg_YTCG,"诺诺:你要干嘛,别碰哪里呀."
Chapter1_xinwu_piluotuocg_I1GT,"诺诺:好疼.哈哈哈哈"
Chapter1_xinwu_piluotuocg_72FA,"诺诺:毗罗.. ..陀"
Chapter1_xinwu_piluotuocg_HZ55,"诺诺:放开..我..."
Chapter1_xinwu_piluotuocg_VM35,"诺诺:好疼....好疼.....好疼...."
Chapter1_xinwu_piluotuocg_9TE5,"诺诺:毗..罗...陀..."
Chapter1_xinwu_2zhoumu_IHUH,"几天过后的清晨."
Chapter1_xinwu_2zhoumu_O6EY,"戌山:子澈,你可以帮我个忙吗"
Chapter1_xinwu_2zhoumu_U4XK,"戌山打量着子澈."
Chapter1_xinwu_2zhoumu_F7DA,"戌山:子澈你是裸睡吗."
Chapter1_xinwu_2zhoumu_LQWE,"子澈突然才意识到,昨晚上除了这件短袖把衣服都洗掉了,"
Chapter1_xinwu_2zhoumu_89BC,"自己现在没有穿裤子,甚至都没有穿内裤."
Chapter1_xinwu_2zhoumu_BB69,"子澈用力拉了拉T恤勉强遮住."
Chapter1_xinwu_2zhoumu_M4EW,"戌山:那个请你帮我把这个交给乐平."
Chapter1_xinwu_2zhoumu_OLD0,"子澈接过来,那是一张照片"
Chapter1_xinwu_2zhoumu_EUTS,"子澈的衣服一下子弹了上去,子澈赶紧用另一只手又来了下来,"
Chapter1_xinwu_2zhoumu_Z7U9,"挡住了重要部位，但是，"
Chapter1_xinwu_2zhoumu_VFCY,"<waitfor=1>屁股却露了出来。"
Chapter1_xinwu_2zhoumu_W3EX,"你怎么不自己交给他."
Chapter1_xinwu_2zhoumu_W74D,"戌山:... ...他"
Chapter1_xinwu_2zhoumu_BKUQ,"戌山:他最近,我俩..."
Chapter1_xinwu_2zhoumu_8UP7,"戌山:算了,反正我俩现在不太适合说话.就麻烦你了."
Chapter1_xinwu_2zhoumu_8SQH,"戌山说完莫名其妙的话,就走了"
Chapter1_xinwu_xushanzouhou_C44H,"子澈回到寝室坐下,发现照片背后的解术的安全此词."
Chapter1_xinwu_xushanzouhou_SEJK,"看来这是戌山给乐平的信物。"
Chapter1_xinwu_xushanzouhou_9KDW,"偷偷解术"
Chapter1_xinwu_xushanzouhou_5UWB,"子澈把照片放在腿上."
Chapter1_xinwu_xushanzouhou_MRG3,"子澈轻轻念起祝词。"
Chapter1_xinwu_xushanzouhou_TN6W,"瞬间出现了无数的丝线,子澈握住了最粗壮的那条。"
Chapter1_xinwu_xushanzouhou_9FVW,"交给乐平"
Chapter1_xinwu_xushanzouhou_EY9G,"子澈看看手上的照片，是两人小时候的合照，他轻轻的把照片放在桌子上。"
Chapter1_xinwu_xushanzouhou_8LN3,"这是戌山给乐平的信物，可能有什么话想对他说吧。"
Chapter1_xinwu_xushancg_8UPU,"戌山:喂"
Chapter1_xinwu_xushancg_XP7T,"戌山:好的,大叔你还需要多久到。"
Chapter1_xinwu_xushancg_828D,"戌山:好的"
Chapter1_xinwu_xushancg_DSG7,"戌山:... ..."
Chapter1_xinwu_xushancg_KB78,"戌山:... ..."
Chapter1_xinwu_xushancg_8E5Z,"戌山:... ...."
Chapter1_xinwu_xushancg_RXDV,"戌山跟着耳机里的音乐轻轻哼唱着。"
Chapter1_xinwu_xushancg_HPRW,"戌山:大叔你到.."
Chapter1_xinwu_xushancg_AMUA,"戌山:什么？在哪里"
Chapter1_xinwu_xushancg_GEJ8,"戌山:好..我这就去"
Chapter1_xinwu_xushancg_CHHX,"？？？:戌山.你这么着急是要去哪里？"
Chapter1_xinwu_xushancg_2O0H,"戌山:大叔？"
Chapter1_xinwu_xushancg_MWLV,"戌山:大叔你能带我去一个地方吗？"
Chapter1_xinwu_xushancg_5ZC7,"大叔:好的上车。"
Chapter1_xinwu_xushancg_8IY9,"大叔:到了"
Chapter1_xinwu_xushancg_NLJJ,"戌山:谢谢大叔."
Chapter1_xinwu_xushancg_OFPV,"大叔:需要帮忙吗？"
Chapter1_xinwu_xushancg_QD4U,"戌山:不用"
Chapter1_xinwu_xushancg_LYBK,"戌山:喂！"
Chapter1_xinwu_xushancg_U26V,"一群人正围着他的一个同学."
Chapter1_xinwu_xushancg_WTDK,"混混大哥:你谁呀？"
Chapter1_xinwu_xushancg_8H1M,"小胖:戌山...."
Chapter1_xinwu_xushancg_B4QU,"混混大哥:戌山？就是那个2中会打铁的狗？"
Chapter1_xinwu_xushancg_2TDY,"戌山:你们放开他"
Chapter1_xinwu_xushancg_TWDT,"小胖:我没事的,戌山你快走吧，我自己的事.... ...不用你管。"
Chapter1_xinwu_xushancg_JYR1,"戌山:你怎么能和这种人混在一起？"
Chapter1_xinwu_xushancg_HHHM,"混混大哥:那种人？我们是那种人？"
Chapter1_xinwu_xushancg_DEFF,"混混边说话边吊儿郎当的走了过来."
Chapter1_xinwu_xushancg_E31E,"混混大哥:草.我们这种人？你以为你什么人呢？"
Chapter1_xinwu_xushancg_LC0B,"混混大哥:你连人都不是？不是一条狗吗？杂种.呸"
Chapter1_xinwu_xushancg_JP63,"混混大哥:我们和小胖的事用得着你管吗？"
Chapter1_xinwu_xushancg_BKP5,"混混大哥:而且人家小胖乐意这样！"
Chapter1_xinwu_xushancg_3YKF,"只见那帮人死死的拽着小胖的衣服,衣服已经被扯破了.脸上还青一块紫一块的."
Chapter1_xinwu_xushancg_DQWY,"小胖:是.是...大哥说得对..戌山这里没你的事.你先走吧"
Chapter1_xinwu_xushancg_SL7M,"小混混:听见没？赶紧滚！"
Chapter1_xinwu_xushancg_CJ9C,"远处的小混混吼叫着."
Chapter1_xinwu_xushancg_5CYW,"混混大哥走到戌山面前小声地说"
Chapter1_xinwu_xushancg_YNAE,"混混大哥:你要不要加入呀,我跟你说这小子皮肤可白了。"
Chapter1_xinwu_xushancg_C7TL,"混混大哥:那胸部跟女人似的.要不要摸摸试试？"
Chapter1_xinwu_xushancg_252D,"戌山:我试你大爷！"
Chapter1_xinwu_xushancg_O74A,"戌山一拳就撩到靠近的小混混."
Chapter1_xinwu_xushancg_S4RR,"其他的小混混看到自己的大哥被打倒了.愤怒的冲了过来."
Chapter1_xinwu_xushancg_KEWA,"戌山不费力的就把这帮人逐一打到了"
Chapter1_xinwu_xushancg_O65E,"小混混们搀扶起他们的大哥."
Chapter1_xinwu_xushancg_0DGQ,"混混大哥:行.戌山！你给老子等着！！！！！！"
Chapter1_xinwu_xushancg_SKK0,"小混混们灰溜溜的走了"
Chapter1_xinwu_xushancg_32H5,"小胖:戌山...."
Chapter1_xinwu_xushancg_6M0G,"小胖:戌山我求求你了！"
Chapter1_xinwu_xushancg_E5EM,"小胖:你别再管我的事了好吗？我求求你了？"
Chapter1_xinwu_xushancg_MGPQ,"戌山:这帮人不什么好东西,他们明明再欺负你呀."
Chapter1_xinwu_xushancg_3Z3S,"小胖:我乐意！行了吧。我求求你了你别再帮我了行吗"
Chapter1_xinwu_xushancg_T9HF,"小胖:我和他们是一个学校的,你这次打完他们,我明天都不知道要怎么去道歉！！！！"
Chapter1_xinwu_xushancg_JOMH,"戌山:你为什么要道歉？"
Chapter1_xinwu_xushancg_6HYD,"小胖:他爸是我们校长.这帮人在学校横行霸道惯了！我想就这么忍忍就过去了."
Chapter1_xinwu_xushancg_30N3,"小胖:明天又是免不了被打"
Chapter1_xinwu_xushancg_6GKC,"戌山:那我就再去揍他们一顿！"
Chapter1_xinwu_xushancg_LXFX,"小胖:戌山！我不像你,我没你家庭条件,不是名匠后人！"
Chapter1_xinwu_xushancg_GKZ9,"小胖:也不会功夫和炁术！被欺负了也就被欺负了.说不定加入他们就不会被欺负了."
Chapter1_xinwu_xushancg_SMLG,"戌山:...小胖..."
Chapter1_xinwu_xushancg_S0F6,"小胖:我走了..不过.."
Chapter1_xinwu_xushancg_IHTE,"小胖:不过.......还是谢谢你戌山."
Chapter1_xinwu_xushancg_ZTDN,"大叔:先把衣服穿上。"
Chapter1_xinwu_xushancg_VL95,"戌山:我以为你走了,大叔"
Chapter1_xinwu_xushancg_NNHZ,"大叔:我还没拿到我的货呢."
Chapter1_xinwu_xushancg_0PG9,"戌山:刀.锻好了，回去就拿给你"
Chapter1_xinwu_xushancg_CX6G,"大叔:嗯好"
Chapter1_xinwu_xushancg_8JMD,"大叔:小胖的这种事不要放在心上了."
Chapter1_xinwu_xushancg_A47G,"戌山:......."
Chapter1_xinwu_xushancg_OGZU,"大叔:每个人都有自己的生存的方式,别太在意.."
Chapter1_xinwu_xushancg_ND99,"戌山:欺负别人或者被别人欺负？"
Chapter1_xinwu_xushancg_9IM6,"大叔:我说的是你。"
Chapter1_xinwu_xushancg_7EVF,"大叔:你能帮他几次？一次,两次.你能天天帮他吗."
Chapter1_xinwu_xushancg_NYW1,"戌山:如果他愿意,我能"
Chapter1_xinwu_xushancg_W1EQ,"大叔:你没听见他怎么说？"
Chapter1_xinwu_xushancg_3SX4,"大叔:说不定你认为的帮助，对他反而是种麻烦。"
Chapter1_xinwu_xushancg_4OLU,"大叔:这种事除非他自己硬起来。"
Chapter1_xinwu_xushancg_GHZO,"大叔:谁也帮助不了他。明白了吗？"
Chapter1_xinwu_xushancg_37R1,"戌山:... ..."
Chapter1_xinwu_xushancg_R98W,"大叔:说实在的，你比他，比一般同龄的学生都要优秀的多"
Chapter1_xinwu_xushancg_PBZO,"大叔:我特别好奇你为啥这么帮他."
Chapter1_xinwu_xushancg_Q5YD,"大叔:你俩本应该不能有什么交集的才对。"
Chapter1_xinwu_xushancg_DR04,"大叔:怎么... ..."
Chapter1_xinwu_xushancg_SOM9,"戌山:因为... ...他像一个人."
Chapter1_xinwu_xushancg_0ZIC,"大叔:谁呀"
Chapter1_xinwu_xushancg_55O7,"戌山:我原来的一个邻居.后来搬家到锦官城就再也没见过了"
Chapter1_xinwu_xushancg_HONX,"大叔:你的青梅竹马？爱屋及乌吗。哈哈哈哈。"
Chapter1_xinwu_xushancg_X3UV,"大叔:你们这些小年轻的呀，还真的是奇奇怪怪的。"
Chapter1_xinwu_xushancg_4BTP,"大叔:那你有去找过他吗？"
Chapter1_xinwu_xushancg_LFBD,"戌山:我只知道他乳名叫壮壮,其他的就什么也不知道了."
Chapter1_xinwu_xushancg_7CRP,"戌山:也不知道怎么找，这么长时间没再见过。"
Chapter1_xinwu_xushancg_6GC6,"戌山:说不定早就忘了吧... ..."
Chapter1_xinwu_xushancg_075Z,"大叔:壮壮？"
Chapter1_xinwu_xushancg_I8PF,"大叔:你以前是住在上京？"
Chapter1_xinwu_xushancg_T0SS,"戌山:对，难不成..."
Chapter1_xinwu_xushancg_KMP8,"戌山:大叔.你认识他？"
Chapter1_xinwu_xushancg_B82V,"大叔:嗯可能认识,我认识的朋友家孩子乳名叫壮壮.但是这个名字太普通了。没什么标志性的。"
Chapter1_xinwu_xushancg_9TXR,"戌山拿出随身带着的照片，上面是两个人靠在大树下睡觉的样子"
Chapter1_xinwu_xushancg_LFXN,"大叔:哎呦，还真让你问对了。"
Chapter1_xinwu_xushancg_LQT3,"大叔:但是我听说这孩子要去牧野太学了."
Chapter1_xinwu_xushancg_G6HM,"戌山:牧野太学？他这么优秀吗？"
Chapter1_xinwu_xushancg_LZ7K,"大叔:走后门进去的."
Chapter1_xinwu_xushancg_99VI,"戌山:... ..."
Chapter1_xinwu_xushancg_X7BA,"大叔:所以你要来吗？"
Chapter1_xinwu_xushancg_NHQG,"戌山:喂，小胖，好久没见"
Chapter1_xinwu_xushancg_4OKG,"戌山:嗯，对,我被特殊录取了"
Chapter1_xinwu_xushancg_KPNY,"戌山:从那以后你还好吧."
Chapter1_xinwu_xushancg_EX9K,"戌山:... ...来了个老师..叫...叫..范无旧？"
Chapter1_xinwu_xushancg_5MZQ,"戌山:...你学校的校长就这么下台了？"
Chapter1_xinwu_xushancg_0DH8,"戌山:...那几个人跟新来的老师打架.然后被打退学了？"
Chapter1_xinwu_xushancg_I8DI,"戌山:噢..噢.噢噢"
Chapter1_xinwu_xushancg_LKFT,"戌山:.... ...."
Chapter1_xinwu_xushancg_ZNNW,"戌山:那好，那好你先忙，走之前有空我请你吃饭。"
Chapter1_xinwu_xushancg_JDPN,"戌山:叫上你的... ..."
Chapter1_xinwu_xushancg_72AX,"戌山:...............男朋友."
Chapter1_xinwu_qushangke_A2A2,"子澈回过神来发现那张照片燃烧了起来。子澈赶紧弄灭了火焰，把烧掉的照片收了起来"
Chapter1_xinwu_qushangke_4X2A,"子澈惊慌的去开门."
Chapter1_xinwu_qushangke_8D6G,"乐平:子澈，陪我去吃个早餐呗。"
Chapter1_xinwu_qushangke_PN2X,"乐平:那个……那个啥……"
Chapter1_xinwu_qushangke_FXJW,"乐平:你能不能……穿件衣服"
Chapter1_xinwu_jieju_LWMK,"脱掉了T恤又睡了一个回笼觉."
Chapter1_xinwu_jieju_LTC5,"子澈惊慌的去开门."
Chapter1_xinwu_jieju_6Z5N,"乐平:子澈，陪我去吃个早餐呗。"
Chapter1_xinwu_jieju_2OZV,"乐平:那个……那个啥……"
Chapter1_xinwu_jieju_YTPG,"乐平:你能不能……穿件衣服"
